Timestamp,Question,Predicted_Topic,Answer_Length,Faithfulness,Relevance,Context_Precision,Index_Dir,Index_Integrity_OK,Index_Integrity_Error,Dense_Ready,Dense_Error,Reranker_Ready,Reranker_Error
2026-02-12T23:22:32.538941,อยากรู้หลักการทำงานของคิววงกลม,หัวข้อที่ 2: อาร์เรย์และลิงค์ลิสต์ (Array and Linked list),1217,0.8,0.9,0.7,C:\Users\Admin\typhoon_rag\indexes,True,,True,,True,
2026-02-12T23:24:03.442605,แล้วการดำเนินการแทนคิวด้วยอาร์เรย์ทำอย่างไร,หัวข้อที่ 2: อาร์เรย์และลิงค์ลิสต์ (Array and Linked list),1174,0.8,0.9,0.7,C:\Users\Admin\typhoon_rag\indexes,True,,True,,True,
2026-02-12T23:29:39.390641,ต่อไปการดำเนินการแทนคิวด้วยวงกลมทำอย่างไร,หัวข้อที่ 2: อาร์เรย์และลิงค์ลิสต์ (Array and Linked list),1180,0.8,0.9,0.7,C:\Users\Admin\typhoon_rag\indexes,True,,True,,True,
2026-02-12T23:35:05.902267,อยากรู้เรื่องทรีกับการดำเนินการด้านนิพจน์,other,2101,0.8,0.9,0.7,C:\Users\Admin\typhoon_rag\indexes,True,,True,,True,
2026-02-12T23:37:57.182177,อยากรู้เรื่องทรีชนิดไบนารี,other,1993,0.8,0.9,0.7,C:\Users\Admin\typhoon_rag\indexes,True,,True,,True,
2026-02-12T23:42:09.672347,อยากรู้เรื่องวิธีการทำไข่เจียว,other,451,0.0,0.0,0.0,C:\Users\Admin\typhoon_rag\indexes,True,,True,,True,
2026-02-13T00:50:18.490753,การดำเนินการแทนคิวด้วยวงกลมทำอย่างไร,หัวข้อที่ 2: อาร์เรย์และลิงค์ลิสต์ (Array and Linked list),892,0.0,0.0,0.0,C:\Users\Admin\typhoon_rag\indexes,True,,True,,True,
2026-02-13T00:51:25.469196,การดำเนินการแทนคิวด้วยวงกลม มีอยู่ใน 3.3.3 นะ,other,739,0.0,0.0,0.0,C:\Users\Admin\typhoon_rag\indexes,True,,True,,True,
2026-02-13T00:52:09.287402,อยากรู้โครงสร้างของการแทนคิวด้วยอาร์เรย์,หัวข้อที่ 2: อาร์เรย์และลิงค์ลิสต์ (Array and Linked list),2096,0.8,0.9,0.7,C:\Users\Admin\typhoon_rag\indexes,True,,True,,True,
2026-02-13T00:54:11.232636,แล้วโครงสร้างลิงค์ลิสต์แบบทิศทางเดียวคืออะไร,หัวข้อที่ 2: อาร์เรย์และลิงค์ลิสต์ (Array and Linked list),1498,0.8,0.9,0.7,C:\Users\Admin\typhoon_rag\indexes,True,,True,,True,
2026-02-13T00:55:38.528984,แล้วการทำงานของลิงค์ลิสต์แบบทิศทางเดียวทำอย่างไร,หัวข้อที่ 2: อาร์เรย์และลิงค์ลิสต์ (Array and Linked list),1903,0.8,0.9,0.7,C:\Users\Admin\typhoon_rag\indexes,True,,True,,True,
2026-02-13T00:56:42.707948,ต่อไปอยากรู้เรื่องโครงสร้างของการแทนคิวด้วยอาร์เรย์,หัวข้อที่ 2: อาร์เรย์และลิงค์ลิสต์ (Array and Linked list),2015,0.8,0.9,0.7,C:\Users\Admin\typhoon_rag\indexes,True,,True,,True,
2026-02-13T00:57:47.663724,แล้วการดำเนินการแทนคิวด้วยวงกลมล่ะ,หัวข้อที่ 2: อาร์เรย์และลิงค์ลิสต์ (Array and Linked list),2075,0.8,0.9,0.7,C:\Users\Admin\typhoon_rag\indexes,True,,True,,True,
2026-02-13T02:34:51.651301,ขอตัวอย่างไบนารีทรีหน่อย,other,937,0.8,0.9,0.7,C:\Users\Admin\typhoon_rag\indexes,True,,True,,True,
2026-02-13T02:38:06.628052,การเข้าถึงข้อมูลในไบนารีทรี,other,1239,0.8,0.9,0.7,C:\Users\Admin\typhoon_rag\indexes,True,,True,,True,
2026-02-13T10:52:05.411621,อยากรู้เรื่องการดำเนินการแทนคิวด้วยอาร์เรย์,หัวข้อที่ 2: อาร์เรย์และลิงค์ลิสต์ (Array and Linked list),294,0.8,0.9,0.7,C:\Users\Admin\typhoon_rag\indexes,True,,True,,True,
2026-02-13T10:53:27.316590,งั้นการดำเนินการแทนสแตกด้วยอาร์เรย์,หัวข้อที่ 2: อาร์เรย์และลิงค์ลิสต์ (Array and Linked list),558,0.8,0.9,0.7,C:\Users\Admin\typhoon_rag\indexes,True,,True,,True,
2026-02-13T10:55:03.916281,อยากรู้เรื่องทรีชนิดไบนารีทรี,other,172,0.8,0.9,0.7,C:\Users\Admin\typhoon_rag\indexes,True,,True,,True,
2026-02-13T10:55:48.614912,อยากทราบเรื่องการแปลงทรีเป็นไบนารีทรี,other,172,0.8,0.9,0.7,C:\Users\Admin\typhoon_rag\indexes,True,,True,,True,
2026-02-13T10:56:30.491847,โครงสร้างข้อมูลคืออะไร,หัวข้อที่ 1: โครงสร้างข้อมูลเบื้องต้น (Introduction to Data Structure),172,0.8,0.9,0.7,C:\Users\Admin\typhoon_rag\indexes,True,,True,,True,
2026-02-14T07:04:34.655684,โครงสร้างของการแทนคิวด้วยอาร์เรย์,หัวข้อที่ 2: อาร์เรย์และลิงค์ลิสต์ (Array and Linked list),554,0.8,0.9,0.7,C:\Users\Admin\typhoon_rag\indexes,True,,True,,True,
2026-02-14T07:09:27.369834,การดำเนินการแทนคิวด้วยวงกลม,หัวข้อที่ 2: อาร์เรย์และลิงค์ลิสต์ (Array and Linked list),575,0.8,0.9,0.7,C:\Users\Admin\typhoon_rag\indexes,True,,True,,True,
2026-02-14T07:11:41.827343,โครงสร้างลิงค์ลิสต์แบบทิศทางเดียว,หัวข้อที่ 2: อาร์เรย์และลิงค์ลิสต์ (Array and Linked list),526,0.5,0.5,0.5,C:\Users\Admin\typhoon_rag\indexes,True,,True,,True,
2026-02-14T07:49:49.441353,โครงสร้างของการแทนคิวด้วยอาร์เรย์,หัวข้อที่ 2: อาร์เรย์และลิงค์ลิสต์ (Array and Linked list),446,0.8,0.9,0.7,C:\Users\Admin\typhoon_rag\indexes,True,,True,,True,
2026-02-14T07:52:18.676571,การดำเนินการแทนคิวด้วยวงกลม,หัวข้อที่ 2: อาร์เรย์และลิงค์ลิสต์ (Array and Linked list),1463,0.8,0.9,0.7,C:\Users\Admin\typhoon_rag\indexes,True,,True,,True,
2026-02-14T07:53:42.175518,โครงสร้างลิงค์ลิสต์แบบทิศทางเดียว,หัวข้อที่ 2: อาร์เรย์และลิงค์ลิสต์ (Array and Linked list),1928,0.8,0.9,0.7,C:\Users\Admin\typhoon_rag\indexes,True,,True,,True,
2026-02-14T08:15:14.398079,โครงสร้างของการแทนคิวด้วยอาร์เรย์,หัวข้อที่ 2: อาร์เรย์และลิงค์ลิสต์ (Array and Linked list),404,0.8,0.9,0.7,C:\Users\Admin\typhoon_rag\indexes,True,,True,,True,
2026-02-14T08:16:56.447507,การดำเนินการแทนคิวด้วยวงกลม,หัวข้อที่ 2: อาร์เรย์และลิงค์ลิสต์ (Array and Linked list),387,0.8,0.9,0.7,C:\Users\Admin\typhoon_rag\indexes,True,,True,,True,
2026-02-14T08:17:46.181891,โครงสร้างลิงค์ลิสต์แบบทิศทางเดียว,หัวข้อที่ 2: อาร์เรย์และลิงค์ลิสต์ (Array and Linked list),551,0.8,0.9,0.7,C:\Users\Admin\typhoon_rag\indexes,True,,True,,True,
2026-02-16T10:39:17.144407,การแทนคิวด้วยอาร์เรย์,หัวข้อที่ 2: อาร์เรย์และลิงค์ลิสต์ (Array and Linked list),655,0.8,0.9,0.7,C:\Users\Admin\typhoon_rag\indexes,True,,True,,True,
2026-02-16T12:35:27.585031,การแทนคิวด้วยวงกลม,หัวข้อที่ 2: อาร์เรย์และลิงค์ลิสต์ (Array and Linked list),210,0.8,0.9,0.7,C:\Users\Admin\typhoon_rag\indexes,True,,True,,True,
2026-02-17T03:17:09.714978,การแทนคิวด้วยอาร์เรย์,หัวข้อที่ 2: อาร์เรย์และลิงค์ลิสต์ (Array and Linked list),172,0.8,0.9,0.7,C:\Users\Admin\typhoon_rag\indexes,True,,True,,True,
2026-02-17T03:19:34.816689,การแทนคิวด้วยวงกลม,หัวข้อที่ 2: อาร์เรย์และลิงค์ลิสต์ (Array and Linked list),172,0.8,0.9,0.7,C:\Users\Admin\typhoon_rag\indexes,True,,True,,True,
2026-02-17T03:20:41.745011,การทำงานของลิงค์ลิสต์แบบทิศทางเดียว,หัวข้อที่ 2: อาร์เรย์และลิงค์ลิสต์ (Array and Linked list),531,0.8,0.9,0.7,C:\Users\Admin\typhoon_rag\indexes,True,,True,,True,
2026-02-17T03:41:24.783491,วิธีการแทนคิวด้วยอาร์เรย์,หัวข้อที่ 2: อาร์เรย์และลิงค์ลิสต์ (Array and Linked list),1769,0.8,0.9,0.7,C:\Users\Admin\typhoon_rag\indexes,True,,True,,True,
2026-02-17T03:46:39.810638,การแทนคิวด้วยวงกลม,หัวข้อที่ 2: อาร์เรย์และลิงค์ลิสต์ (Array and Linked list),2282,0.8,0.9,0.7,C:\Users\Admin\typhoon_rag\indexes,True,,True,,True,
2026-02-17T03:49:17.618454,การทำงานของลิงค์ลิสต์แบบทิศทางเดียว,หัวข้อที่ 2: อาร์เรย์และลิงค์ลิสต์ (Array and Linked list),1143,0.8,0.9,0.7,C:\Users\Admin\typhoon_rag\indexes,True,,True,,True,
2026-02-17T04:16:55.450448,การแทนคิวด้วยอาร์เรย์,หัวข้อที่ 2: อาร์เรย์และลิงค์ลิสต์ (Array and Linked list),628,0.8,0.9,0.7,C:\Users\Admin\typhoon_rag\indexes,True,,True,,True,
2026-02-17T04:18:08.088440,การแทนคิวด้วยวงกลม,หัวข้อที่ 2: อาร์เรย์และลิงค์ลิสต์ (Array and Linked list),886,0.8,0.9,0.7,C:\Users\Admin\typhoon_rag\indexes,True,,True,,True,
2026-02-18T07:23:37.718852,การดำเนินการแทนคิวด้วยอาร์เรย์,หัวข้อที่ 2: อาร์เรย์และลิงค์ลิสต์ (Array and Linked list),939,0.8,0.9,0.7,C:\Users\Admin\typhoon_rag\indexes,True,,False,MemoryError,True,
2026-02-18T07:27:06.073901,การดำเนินการแทนคิวด้วยวงกลม,หัวข้อที่ 2: อาร์เรย์และลิงค์ลิสต์ (Array and Linked list),1595,0.8,0.9,0.7,C:\Users\Admin\typhoon_rag\indexes,True,,False,MemoryError,True,
2026-02-18T07:29:06.840923,การทำงานของลิงค์ลิสต์แบบทิศทางเดียว,หัวข้อที่ 2: อาร์เรย์และลิงค์ลิสต์ (Array and Linked list),548,0.8,0.9,0.7,C:\Users\Admin\typhoon_rag\indexes,True,,False,MemoryError,True,
2026-02-18T07:31:04.299003,โครงสร้างข้อมูลแบบบิตคือ,1.1.1 ความหมายของโครงสร้างข้อมูล (Data Structure),164,0.8,0.9,0.7,C:\Users\Admin\typhoon_rag\indexes,True,,False,MemoryError,True,
2026-02-18T07:33:15.455066,ความหมายของโครงสร้างข้อมูล,หัวข้อที่ 1: โครงสร้างข้อมูลเบื้องต้น (Introduction to Data Structure),304,0.8,0.9,0.7,C:\Users\Admin\typhoon_rag\indexes,True,,False,MemoryError,True,
2026-02-18T07:35:28.171773,โครงสร้างแบบเรียงลำดับ,หัวข้อที่ 4: อาร์เรย์และลิงค์ลิสต์ (Array and Linked list),148,0.8,0.9,0.7,C:\Users\Admin\typhoon_rag\indexes,True,,False,MemoryError,True,
2026-02-20T01:35:16.122442,การดำเนินการแทนคิวด้วยอาร์เรย์,หัวข้อที่ 2: อาร์เรย์และลิงค์ลิสต์ (Array and Linked list),1962,0.8,0.9,0.7,C:\Users\Admin\typhoon_rag\indexes,True,,True,,True,
2026-02-20T01:42:55.466879,การดำเนินการแทนคิวด้วยวงกลม,หัวข้อที่ 2: อาร์เรย์และลิงค์ลิสต์ (Array and Linked list),682,0.8,0.9,0.7,C:\Users\Admin\typhoon_rag\indexes,True,,True,,True,
2026-02-20T02:06:23.398512,การทำงานของลิงค์ลิสต์แบบทิศทางเดียว,หัวข้อที่ 2: อาร์เรย์และลิงค์ลิสต์ (Array and Linked list),1357,0.8,0.9,0.7,C:\Users\Admin\typhoon_rag\indexes,True,,True,,True,
2026-02-20T02:38:44.230201,ช่วยอธิบายการกำหนดค่าของข้อมูลในอาร์เรย์,หัวข้อที่ 2: อาร์เรย์และลิงค์ลิสต์ (Array and Linked list),149,0.8,0.9,0.7,C:\Users\Admin\typhoon_rag\indexes,True,,True,,True,
2026-02-20T02:42:54.252375,ช่วยอธิบายการกำหนดค่าของข้อมูลในอาร์เรย์,หัวข้อที่ 2: อาร์เรย์และลิงค์ลิสต์ (Array and Linked list),1041,0.8,0.9,0.7,C:\Users\Admin\typhoon_rag\indexes,True,,True,,True,
2026-02-22T19:30:34.494065,การดำเนินการแทนคิวด้วยอาร์เรย์,หัวข้อที่ 2: อาร์เรย์และลิงค์ลิสต์ (Array and Linked list),153,0.8,0.9,0.7,C:\Users\Admin\typhoon_rag\indexes,True,,True,,True,
2026-02-23T04:58:46.633757,อะไรคืออาร์เรย์ 2 มิติ,หัวข้อที่ 2: อาร์เรย์และลิงค์ลิสต์ (Array and Linked list),328,0.0,0.0,0.0,C:\Users\Admin\typhoon_rag\indexes,True,,True,,True,
2026-02-25T10:25:09.389401,การดำเนินการแทนคิวด้วยอาร์เรย์,หัวข้อที่ 2: อาร์เรย์และลิงค์ลิสต์ (Array and Linked list),728,0.0,0.0,0.0,C:\Users\Admin\typhoon_rag\indexes,True,,True,,True,
2026-02-25T10:27:20.631681,การดำเนินการแทนคิวด้วยวงกลม,หัวข้อที่ 2: อาร์เรย์และลิงค์ลิสต์ (Array and Linked list),665,0.0,0.0,0.0,C:\Users\Admin\typhoon_rag\indexes,True,,True,,True,
2026-02-25T10:40:43.569098,การทำงานของลิงค์ลิสต์แบบทิศทางเดียว,หัวข้อที่ 2: อาร์เรย์และลิงค์ลิสต์ (Array and Linked list),1808,0.0,0.0,0.0,C:\Users\Admin\typhoon_rag\indexes,True,,True,,True,
2026-02-25T11:43:58.492868,การดำเนินการแทนคิวด้วยอาร์เรย์,หัวข้อที่ 2: อาร์เรย์และลิงค์ลิสต์ (Array and Linked list),511,0.0,0.0,0.0,C:\Users\Admin\typhoon_rag\indexes,True,,True,,True,
2026-02-25T11:48:38.166072,การดำเนินการแทนคิวด้วยวงกลม\,หัวข้อที่ 2: อาร์เรย์และลิงค์ลิสต์ (Array and Linked list),906,0.0,0.0,0.0,C:\Users\Admin\typhoon_rag\indexes,True,,True,,True,
2026-02-25T11:50:03.417279,การทำงานของลิงค์ลิสต์แบบทิศทางเดียว,หัวข้อที่ 2: อาร์เรย์และลิงค์ลิสต์ (Array and Linked list),1925,0.0,0.0,0.0,C:\Users\Admin\typhoon_rag\indexes,True,,True,,True,
2026-02-25T11:54:26.763909,การดำเนินการแทนคิวด้วยอาร์เรย์,3.3.2 การดำเนินการแทนคิวด้วยอาร์เรย์,381,0.0,0.0,0.0,C:\Users\Admin\typhoon_rag\indexes,True,,True,,True,
2026-02-25T11:55:34.340852,การดำเนินการแทนคิวด้วยวงกลม,3.3.3 การดำเนินการแทนคิวด้วยวงกลม,542,0.0,0.0,0.0,C:\Users\Admin\typhoon_rag\indexes,True,,True,,True,
2026-02-25T11:55:55.884144,การทำงานของลิงค์ลิสต์แบบทิศทางเดียว,2.4.2 การทำงานของลิงค์ลิสต์แบบทิศทางเดียว,1761,0.0,0.0,0.0,C:\Users\Admin\typhoon_rag\indexes,True,,True,,True,
2026-02-25T12:09:41.178047,การดำเนินการแทนคิวด้วยอาร์เรย์,3.3.2 การดำเนินการแทนคิวด้วยอาร์เรย์,476,0.0,0.0,0.0,C:\Users\Admin\typhoon_rag\indexes,True,,True,,True,
2026-02-25T12:10:43.858500,การดำเนินการแทนคิวด้วยวงกลม,3.3.3 การดำเนินการแทนคิวด้วยวงกลม,851,0.0,0.0,0.0,C:\Users\Admin\typhoon_rag\indexes,True,,True,,True,
2026-02-25T12:12:16.863746,การทำงานของลิงค์ลิสต์แบบทิศทางเดียว,2.4.2 การทำงานของลิงค์ลิสต์แบบทิศทางเดียว,1851,0.0,0.0,0.0,C:\Users\Admin\typhoon_rag\indexes,True,,True,,True,
2026-02-25T12:33:10.894046,การดำเนินการแทนคิวด้วยอาร์เรย์,3.3.2 การดำเนินการแทนคิวด้วยอาร์เรย์,456,0.0,0.0,0.0,C:\Users\Admin\typhoon_rag\indexes,True,,True,,True,
2026-02-25T12:33:31.179071,การดำเนินการแทนคิวด้วยวงกลม,3.3.3 การดำเนินการแทนคิวด้วยวงกลม,827,0.0,0.0,0.0,C:\Users\Admin\typhoon_rag\indexes,True,,True,,True,
2026-02-25T12:33:50.362528,การทำงานของลิงค์ลิสต์แบบทิศทางเดียว,2.4.2 การทำงานของลิงค์ลิสต์แบบทิศทางเดียว,1481,0.0,0.0,0.0,C:\Users\Admin\typhoon_rag\indexes,True,,True,,True,
2026-02-25T20:13:24.625577,การดำเนินการแทนคิวด้วยวงกลม,3.3.3 การดำเนินการแทนคิวด้วยวงกลม,875,0.0,0.0,0.0,C:\Users\Admin\typhoon_rag\indexes,True,,True,,True,
2026-02-25T20:28:22.188106,การดำเนินการแทนคิวด้วยอาร์เรย์,3.3.2 การดำเนินการแทนคิวด้วยอาร์เรย์,960,0.0,0.0,0.0,C:\Users\Admin\typhoon_rag\indexes,True,,True,,True,
2026-02-25T20:30:21.065161,การดำเนินการแทนคิวด้วยวงกลม,3.3.3 การดำเนินการแทนคิวด้วยวงกลม,550,0.0,0.0,0.0,C:\Users\Admin\typhoon_rag\indexes,True,,True,,True,
2026-02-25T20:31:32.632402,การทำงานของลิงค์ลิสต์แบบทิศทางเดียว,2.4.2 การทำงานของลิงค์ลิสต์แบบทิศทางเดียว,2557,0.0,0.0,0.0,C:\Users\Admin\typhoon_rag\indexes,True,,True,,True,
2026-02-25T20:49:28.930381,การดำเนินการแทนคิวด้วยอาร์เรย์,3.3.2 การดำเนินการแทนคิวด้วยอาร์เรย์,676,0.0,0.0,0.0,C:\Users\Admin\typhoon_rag\indexes,True,,True,,True,
2026-02-25T20:49:47.098960,การดำเนินการแทนคิวด้วยวงกลม,3.3.3 การดำเนินการแทนคิวด้วยวงกลม,553,0.0,0.0,0.0,C:\Users\Admin\typhoon_rag\indexes,True,,True,,True,
2026-02-25T20:50:23.715701,การทำงานของลิงค์ลิสต์แบบทิศทางเดียว,2.4.2 การทำงานของลิงค์ลิสต์แบบทิศทางเดียว,2521,0.0,0.0,0.0,C:\Users\Admin\typhoon_rag\indexes,True,,True,,True,
2026-02-25T21:15:48.852316,การดำเนินการแทนคิวด้วยอาร์เรย์,3.3.2 การดำเนินการแทนคิวด้วยอาร์เรย์,1003,0.0,0.0,0.0,C:\Users\Admin\typhoon_rag\indexes,True,,True,,True,
2026-02-25T21:17:23.279242,การดำเนินการแทนคิวด้วยวงกลม,3.3.3 การดำเนินการแทนคิวด้วยวงกลม,833,0.0,0.0,0.0,C:\Users\Admin\typhoon_rag\indexes,True,,True,,True,
2026-02-25T21:19:14.288257,การทำงานของลิงค์ลิสต์แบบทิศทางเดียว,2.4.2 การทำงานของลิงค์ลิสต์แบบทิศทางเดียว,2729,0.0,0.0,0.0,C:\Users\Admin\typhoon_rag\indexes,True,,True,,True,
2026-02-25T21:25:34.623542,การดำเนินการแทนคิวด้วยอาร์เรย์,3.3.2 การดำเนินการแทนคิวด้วยอาร์เรย์,650,0.0,0.0,0.0,C:\Users\Admin\typhoon_rag\indexes,True,,True,,True,
2026-02-25T21:27:20.390550,การดำเนินการแทนคิวด้วยวงกลม,3.3.3 การดำเนินการแทนคิวด้วยวงกลม,801,0.0,0.0,0.0,C:\Users\Admin\typhoon_rag\indexes,True,,True,,True,
2026-02-25T21:28:03.689720,การทำงานของลิงค์ลิสต์แบบทิศทางเดียว,2.4.2 การทำงานของลิงค์ลิสต์แบบทิศทางเดียว,2373,0.0,0.0,0.0,C:\Users\Admin\typhoon_rag\indexes,True,,True,,True,
2026-02-25T21:37:00.399561,การดำเนินการแทนคิวด้วยอาร์เรย์,3.3.2 การดำเนินการแทนคิวด้วยอาร์เรย์,550,0.0,0.0,0.0,C:\Users\Admin\typhoon_rag\indexes,True,,True,,True,
2026-02-25T21:40:07.481347,การดำเนินการแทนคิวด้วยวงกลม,3.3.3 การดำเนินการแทนคิวด้วยวงกลม,811,0.0,0.0,0.0,C:\Users\Admin\typhoon_rag\indexes,True,,True,,True,
2026-02-25T21:42:02.748337,การทำงานของลิงค์ลิสต์แบบทิศทางเดียว,2.4.2 การทำงานของลิงค์ลิสต์แบบทิศทางเดียว,1604,0.0,0.0,0.0,C:\Users\Admin\typhoon_rag\indexes,True,,True,,True,
2026-02-25T21:48:13.746116,การดำเนินการแทนคิวด้วยอาร์เรย์,3.3.2 การดำเนินการแทนคิวด้วยอาร์เรย์,569,0.0,0.0,0.0,C:\Users\Admin\typhoon_rag\indexes,True,,True,,True,
2026-02-25T21:49:40.281279,การดำเนินการแทนคิวด้วยวงกลม,3.3.3 การดำเนินการแทนคิวด้วยวงกลม,816,0.0,0.0,0.0,C:\Users\Admin\typhoon_rag\indexes,True,,True,,True,
2026-02-25T21:51:06.961673,การทำงานของลิงค์ลิสต์แบบทิศทางเดียว,2.4.2 การทำงานของลิงค์ลิสต์แบบทิศทางเดียว,1633,0.0,0.0,0.0,C:\Users\Admin\typhoon_rag\indexes,True,,True,,True,
2026-02-25T21:59:04.475911,การดำเนินการแทนคิวด้วยอาร์เรย์,3.3.2 การดำเนินการแทนคิวด้วยอาร์เรย์,581,0.0,0.0,0.0,C:\Users\Admin\typhoon_rag\indexes,True,,True,,True,
2026-02-25T22:00:56.296454,การดำเนินการแทนคิวด้วยวงกลม,3.3.3 การดำเนินการแทนคิวด้วยวงกลม,825,0.0,0.0,0.0,C:\Users\Admin\typhoon_rag\indexes,True,,True,,True,
2026-02-25T22:01:17.904583,การทำงานของลิงค์ลิสต์แบบทิศทางเดียว,2.4.2 การทำงานของลิงค์ลิสต์แบบทิศทางเดียว,1707,0.0,0.0,0.0,C:\Users\Admin\typhoon_rag\indexes,True,,True,,True,
2026-02-25T22:10:14.160525,การดำเนินการแทนคิวด้วยอาร์เรย์,3.3.2 การดำเนินการแทนคิวด้วยอาร์เรย์,745,0.0,0.0,0.0,C:\Users\Admin\typhoon_rag\indexes,True,,True,,True,
2026-02-25T22:12:19.337081,การดำเนินการแทนคิวด้วยวงกลม,3.3.3 การดำเนินการแทนคิวด้วยวงกลม,803,0.0,0.0,0.0,C:\Users\Admin\typhoon_rag\indexes,True,,True,,True,
2026-02-25T22:12:47.228485,การทำงานของลิงค์ลิสต์แบบทิศทางเดียว,2.4.2 การทำงานของลิงค์ลิสต์แบบทิศทางเดียว,792,0.0,0.0,0.0,C:\Users\Admin\typhoon_rag\indexes,True,,True,,True,
2026-02-25T22:20:15.786905,การดำเนินการแทนคิวด้วยอาร์เรย์,3.3.2 การดำเนินการแทนคิวด้วยอาร์เรย์,538,0.0,0.0,0.0,C:\Users\Admin\typhoon_rag\indexes,True,,True,,True,
2026-02-25T22:20:54.469249,การดำเนินการแทนคิวด้วยวงกลม,3.3.3 การดำเนินการแทนคิวด้วยวงกลม,873,0.0,0.0,0.0,C:\Users\Admin\typhoon_rag\indexes,True,,True,,True,
2026-02-25T22:21:18.032433,การทำงานของลิงค์ลิสต์แบบทิศทางเดียว,2.4.2 การทำงานของลิงค์ลิสต์แบบทิศทางเดียว,2466,0.0,0.0,0.0,C:\Users\Admin\typhoon_rag\indexes,True,,True,,True,
2026-02-25T22:33:34.883573,การดำเนินการแทนคิวด้วยอาร์เรย์,3.3.2 การดำเนินการแทนคิวด้วยอาร์เรย์,519,0.0,0.0,0.0,C:\Users\Admin\typhoon_rag\indexes,True,,True,,True,
2026-02-25T22:34:52.823480,การดำเนินการแทนคิวด้วยวงกลม,3.3.3 การดำเนินการแทนคิวด้วยวงกลม,824,0.0,0.0,0.0,C:\Users\Admin\typhoon_rag\indexes,True,,True,,True,
2026-02-25T22:35:49.739112,การทำงานของลิงค์ลิสต์แบบทิศทางเดียว,2.4.2 การทำงานของลิงค์ลิสต์แบบทิศทางเดียว,2064,0.0,0.0,0.0,C:\Users\Admin\typhoon_rag\indexes,True,,True,,True,
2026-02-25T22:37:18.628541,ความหมายและลักษณะของอาร์เรย์,2.1.1 ความหมายและลักษณะของอาร์เรย์,586,0.0,0.0,0.0,C:\Users\Admin\typhoon_rag\indexes,True,,True,,True,
2026-02-25T22:37:54.132476,ความหมายและลักษณะของอาร์เรย์,2.1.1 ความหมายและลักษณะของอาร์เรย์,281,0.0,0.0,0.0,C:\Users\Admin\typhoon_rag\indexes,True,,True,,True,
2026-02-25T22:38:11.851154,ความหมายของอัลกอริทึม (Algorithm),1.1.2 ความหมายของอัลกอริทึม (Algorithm),443,0.0,0.0,0.0,C:\Users\Admin\typhoon_rag\indexes,True,,True,,True,
2026-02-25T22:38:29.726354,ความสำคัญของการเลือกโครงสร้างข้อมูลที่เหมาะสมกับอัลกอริทึม,1.1.3 ความสำคัญของการเลือกโครงสร้างข้อมูลที่เหมาะสมกับอัลกอริทึม,685,0.0,0.0,0.0,C:\Users\Admin\typhoon_rag\indexes,True,,True,,True,
2026-02-25T22:38:51.802538,โครงสร้างข้อมูลแบบบิต,หัวข้อที่ 1: โครงสร้างข้อมูลเบื้องต้น (Introduction to Data Structure),88,0.0,0.0,0.0,C:\Users\Admin\typhoon_rag\indexes,True,,True,,True,
2026-02-25T22:39:20.194279,ประเภทโครงสร้างข้อมูล,1.3.1 ประเภทโครงสร้างข้อมูล,665,0.0,0.0,0.0,C:\Users\Admin\typhoon_rag\indexes,True,,True,,True,
2026-02-25T22:40:16.939991,เครื่องมือในการพัฒนาอัลกอริทึม,1.1.3 ความสำคัญของการเลือกโครงสร้างข้อมูลที่เหมาะสมกับอัลกอริทึม,147,0.0,0.0,0.0,C:\Users\Admin\typhoon_rag\indexes,True,,True,,True,
2026-02-25T22:40:38.141727,ความหมายและลักษณะของอาร์เรย์,2.1.1 ความหมายและลักษณะของอาร์เรย์,281,0.0,0.0,0.0,C:\Users\Admin\typhoon_rag\indexes,True,,True,,True,
2026-02-25T22:40:58.715353,อาร์เรย์ 1 มิติ,2.2.1 อาร์เรย์ 1 มิติ,252,0.0,0.0,0.0,C:\Users\Admin\typhoon_rag\indexes,True,,True,,True,
2026-02-25T22:41:21.632895,อาร์เรย์ 2 มิติ,2.2.1 อาร์เรย์ 1 มิติ,1108,0.0,0.0,0.0,C:\Users\Admin\typhoon_rag\indexes,True,,True,,True,
2026-02-26T10:24:59.800095,ความหมายของโครงสร้างข้อมูลหน่อย,1.1.1 ความหมายของโครงสร้างข้อมูล (Data Structure),699,0.0,0.0,0.0,C:\Users\Admin\typhoon_rag\indexes,True,,True,,True,
2026-02-26T10:27:19.856030,บอกความหมายของอัลกอริทึม,1.1 ความหมายโครงสร้างข้อมูลและอัลกอริทึม,716,0.0,0.0,0.0,C:\Users\Admin\typhoon_rag\indexes,True,,True,,True,
2026-02-26T10:28:51.381156,ความสำคัญของการเลือกโครงสร้างข้อมูลที่เหมาะสมกับอัลกอริทึม,1.1.3 ความสำคัญของการเลือกโครงสร้างข้อมูลที่เหมาะสมกับอัลกอริทึม,543,0.0,0.0,0.0,C:\Users\Admin\typhoon_rag\indexes,True,,True,,True,
2026-02-26T10:29:56.243049,อะไรคือโครงสร้างข้อมูลแบบบิต,หัวข้อที่ 1: โครงสร้างข้อมูลเบื้องต้น (Introduction to Data Structure),350,0.0,0.0,0.0,C:\Users\Admin\typhoon_rag\indexes,True,,True,,True,
2026-02-26T10:30:22.714304,โครงสร้างข้อมูลแบบไบต์คือ,หัวข้อที่ 1: โครงสร้างข้อมูลเบื้องต้น (Introduction to Data Structure),123,0.0,0.0,0.0,C:\Users\Admin\typhoon_rag\indexes,True,,True,,True,
2026-02-26T10:30:46.733328,โครงสร้างข้อมูลแบบฟิลด์ คือ,หัวข้อที่ 1: โครงสร้างข้อมูลเบื้องต้น (Introduction to Data Structure),407,0.0,0.0,0.0,C:\Users\Admin\typhoon_rag\indexes,True,,True,,True,
2026-02-26T10:31:06.044030,เรคอร์ดคือ,1.2.4 เรคอร์ด (Record),384,0.0,0.0,0.0,C:\Users\Admin\typhoon_rag\indexes,True,,True,,True,
2026-02-26T10:31:22.049839,บิต คือ,1.2.1 บิต (Bit),205,0.0,0.0,0.0,C:\Users\Admin\typhoon_rag\indexes,True,,True,,True,
2026-02-26T10:31:56.381355,ฟิลด์คืออะไร,1.2.3 ฟิลด์ (Field),409,0.0,0.0,0.0,C:\Users\Admin\typhoon_rag\indexes,True,,True,,True,
2026-02-26T10:32:14.534517,ไฟล์,1.2.5 ไฟล์ (File),196,0.0,0.0,0.0,C:\Users\Admin\typhoon_rag\indexes,True,,True,,True,
2026-02-26T10:32:26.422605, ฐานข้อมูลคือ,1.2.6 ฐานข้อมูล (Database),499,0.0,0.0,0.0,C:\Users\Admin\typhoon_rag\indexes,True,,True,,True,
2026-02-26T10:32:45.961821,ประเภทโครงสร้างข้อมูล,1.3.1 ประเภทโครงสร้างข้อมูล,665,0.0,0.0,0.0,C:\Users\Admin\typhoon_rag\indexes,True,,True,,True,
2026-02-26T10:33:22.408416,ประเภทอัลกอริทึม,1.3.2 ประเภทอัลกอริทึม,834,0.0,0.0,0.0,C:\Users\Admin\typhoon_rag\indexes,True,,True,,True,
2026-02-26T10:35:06.953985,โครงสร้างแบบเรียงลำดับคือ,1.4.1 โครงสร้างแบบเรียงลำดับ (Sequence),177,0.0,0.0,0.0,C:\Users\Admin\typhoon_rag\indexes,True,,True,,True,
2026-02-26T10:35:31.856295,โครงสร้างแบบเลือกการทำงาน (Selection),1.4.2 โครงสร้างแบบเลือกการทำงาน (Selection),814,0.0,0.0,0.0,C:\Users\Admin\typhoon_rag\indexes,True,,True,,True,
2026-02-26T10:36:49.734600,โครงสร้างแบบทำซ้ำคือ,1.4.3 โครงสร้างแบบทำซ้ำ (Repetition),608,0.0,0.0,0.0,C:\Users\Admin\typhoon_rag\indexes,True,,True,,True,
2026-02-26T10:37:26.716179,ความหมายและลักษณะของอาร์เรย์,2.1.1 ความหมายและลักษณะของอาร์เรย์,860,0.0,0.0,0.0,C:\Users\Admin\typhoon_rag\indexes,True,,True,,True,
2026-02-26T10:38:16.127254,อาร์เรย์ 1 มิติคือ,2.2.1 อาร์เรย์ 1 มิติ,202,0.0,0.0,0.0,C:\Users\Admin\typhoon_rag\indexes,True,,True,,True,
2026-02-26T10:39:04.686933,อาร์เรย์ 2 มิติคือ,2.2.1 อาร์เรย์ 1 มิติ,153,0.0,0.0,0.0,C:\Users\Admin\typhoon_rag\indexes,True,,True,,True,
2026-02-26T10:39:46.861504, ความหมายของลิงค์ลิสต์,2.3.1 ความหมายของลิงค์ลิสต์,604,0.0,0.0,0.0,C:\Users\Admin\typhoon_rag\indexes,True,,True,,True,
2026-02-26T10:40:51.278446,โครงสร้างของลิงค์ลิสต์,2.3.2 โครงสร้างของลิงค์ลิสต์,733,0.0,0.0,0.0,C:\Users\Admin\typhoon_rag\indexes,True,,True,,True,
2026-02-26T10:42:17.944816,โครงสร้างลิงค์ลิสต์แบบทิศทางเดียว,2.4.1 โครงสร้างลิงค์ลิสต์แบบทิศทางเดียว,834,0.0,0.0,0.0,C:\Users\Admin\typhoon_rag\indexes,True,,True,,True,
2026-02-26T10:43:55.858535,การทำงานของลิงค์ลิสต์แบบทิศทางเดียว,2.4.2 การทำงานของลิงค์ลิสต์แบบทิศทางเดียว,2001,0.0,0.0,0.0,C:\Users\Admin\typhoon_rag\indexes,True,,True,,True,
2026-02-26T10:44:46.029804,การนำข้อมูลเข้าของคิวทำยังไง,3.2.1 การนำข้อมูลเข้า (Enqueue),553,0.0,0.0,0.0,C:\Users\Admin\typhoon_rag\indexes,True,,True,,True,
2026-02-26T10:45:15.083061,การนำข้อมูลออกของคิวทำยังไง,3.2.2 การนำข้อมูลออก (Dequeue),615,0.0,0.0,0.0,C:\Users\Admin\typhoon_rag\indexes,True,,True,,True,
2026-02-26T10:46:04.693764,โครงสร้างของการแทนคิวด้วยอาร์เร,3.3.1 โครงสร้างของการแทนคิวด้วยอาร์เรย์,248,0.0,0.0,0.0,C:\Users\Admin\typhoon_rag\indexes,True,,True,,True,
2026-02-26T10:47:15.620679,การดำเนินการแทนคิวด้วยอาร์เรย์,3.3.2 การดำเนินการแทนคิวด้วยอาร์เรย์,568,0.0,0.0,0.0,C:\Users\Admin\typhoon_rag\indexes,True,,True,,True,
2026-02-26T10:47:51.456123,การดำเนินการแทนคิวด้วยวงกลม,3.3.3 การดำเนินการแทนคิวด้วยวงกลม,851,0.0,0.0,0.0,C:\Users\Admin\typhoon_rag\indexes,True,,True,,True,
2026-02-26T10:48:46.791707, โครงสร้างของสแตกเป็นอย่างไร,4.1 โครงสร้างของสแตก,695,0.0,0.0,0.0,C:\Users\Admin\typhoon_rag\indexes,True,,True,,True,
2026-02-26T10:49:42.076547,การนำข้อมูลเข้าของสแตกทำอย่างไร,3.2.1 การนำข้อมูลเข้า (Enqueue),411,0.0,0.0,0.0,C:\Users\Admin\typhoon_rag\indexes,True,,True,,True,
2026-02-26T10:50:07.991609,การดึงข้อมูลออกของสแตกเป็นอย่างไร,4.2.2 การดึงข้อมูลออก (Pop),484,0.0,0.0,0.0,C:\Users\Admin\typhoon_rag\indexes,True,,True,,True,
2026-02-26T10:51:00.209722,การดำเนินการแทนสแตกด้วยอาร์เรย์ทำอย่างไร,4.3.1 การดำเนินการแทนสแตกด้วยอาร์เรย์,856,0.0,0.0,0.0,C:\Users\Admin\typhoon_rag\indexes,True,,True,,True,
2026-02-26T10:52:49.394108,โครงสร้างทรีเป็นอย่างไร,5.5 การแทนโครงสร้างไบนารีทรีแบบซีเควนเชียล,845,0.0,0.0,0.0,C:\Users\Admin\typhoon_rag\indexes,True,,True,,True,
2026-02-26T10:53:29.653754,ทรีทั่วไปคือ,5.2.1 ทรีทั่วไป (General Tree),663,0.0,0.0,0.0,C:\Users\Admin\typhoon_rag\indexes,True,,True,,True,
2026-02-26T10:54:09.202326,ไบนารีทรีคือ,5.5 การแทนโครงสร้างไบนารีทรีแบบซีเควนเชียล,323,0.0,0.0,0.0,C:\Users\Admin\typhoon_rag\indexes,True,,True,,True,
2026-02-26T10:54:31.290338,ไบนารีทรีแบบสมบูรณ์คืออย่างไร,5.2.3 ไบนารีทรีแบบสมบูรณ์ (Complete Binary Tree),479,0.0,0.0,0.0,C:\Users\Admin\typhoon_rag\indexes,True,,True,,True,
2026-02-26T10:55:18.032426,การเข้าถึงข้อมูลในไบนารีทรีแบบพรีออร์เดอร์คือ,5.3 การเข้าถึงข้อมูลในไบนารีทรี,219,0.0,0.0,0.0,C:\Users\Admin\typhoon_rag\indexes,True,,True,,True,
2026-02-26T10:57:31.570126,การเข้าถึงข้อมูลในไบนารีทรีแบบอินออร์เดอร์คือ,5.3 การเข้าถึงข้อมูลในไบนารีทรี,393,0.0,0.0,0.0,C:\Users\Admin\typhoon_rag\indexes,True,,True,,True,
2026-02-26T10:58:04.756713,การเข้าถึงข้อมูลในไบนารีทรีแบบโพสต์ออร์เดอร์คือ,5.3 การเข้าถึงข้อมูลในไบนารีทรี,198,0.0,0.0,0.0,C:\Users\Admin\typhoon_rag\indexes,True,,True,,True,
2026-02-26T10:58:38.135186,การแทนโครงสร้างไบนารีทรีแบบซีเควนเชียล,5.5 การแทนโครงสร้างไบนารีทรีแบบซีเควนเชียล,586,0.0,0.0,0.0,C:\Users\Admin\typhoon_rag\indexes,True,,True,,True,
2026-02-26T10:59:00.728064,การแปลงทรีเป็นไบนารีทรีทำอย่างไร,5.6 การแปลงทรีเป็นไบนารีทรี,336,0.0,0.0,0.0,C:\Users\Admin\typhoon_rag\indexes,True,,True,,True,
2026-06-09T03:41:51.383535,โครงสร้างข้อมูลแบบบิต,1.2.1 บิต (Bit),88,0.0,0.0,0.0,C:\Users\Admin\data_structure_rag\indexes,True,,True,,True,
2026-06-09T03:45:17.107478, ความหมายของโครงสร้างข้อมูล,1.1.1 ความหมายของโครงสร้างข้อมูล (Data Structure),688,0.0,0.0,0.0,C:\Users\Admin\data_structure_rag\indexes,True,,True,,True,
2026-06-09T03:48:18.569092,ความหมายของอัลกอริทึม,1.1.2 ความหมายของอัลกอริทึม (Algorithm),823,0.0,0.0,0.0,C:\Users\Admin\data_structure_rag\indexes,True,,True,,True,
2026-06-09T03:51:40.222255,บิต คือ,1.2.1 บิต (Bit),88,0.0,0.0,0.0,C:\Users\Admin\data_structure_rag\indexes,True,,True,,True,
2026-06-09T03:52:36.487726,ไบต์ คือ,1.2.2 ไบต์ (Byte),112,0.0,0.0,0.0,C:\Users\Admin\data_structure_rag\indexes,True,,True,,True,
2026-06-09T03:54:12.276044,ฟิลด์ คือ,1.2.3 ฟิลด์ (Field),187,0.0,0.0,0.0,C:\Users\Admin\data_structure_rag\indexes,True,,True,,True,
2026-06-09T03:56:15.305922, เรคอร์ด คือ,1.2.4 เรคอร์ด (Record),184,0.0,0.0,0.0,C:\Users\Admin\data_structure_rag\indexes,True,,True,,True,
2026-06-09T03:57:11.448627,ไฟล์ คือ,1.2.5 ไฟล์ (File),185,0.0,0.0,0.0,C:\Users\Admin\data_structure_rag\indexes,True,,True,,True,
2026-06-09T03:58:24.908366, ฐานข้อมูล คือ,1.2.6 ฐานข้อมูล (Database),235,0.0,0.0,0.0,C:\Users\Admin\data_structure_rag\indexes,True,,True,,True,
2026-06-09T03:59:36.051069,ประเภทโครงสร้างข้อมูลคือ,1.1.1 ความหมายของโครงสร้างข้อมูล (Data Structure),88,0.0,0.0,0.0,C:\Users\Admin\data_structure_rag\indexes,True,,True,,True,
2026-06-09T04:01:18.152871,ประเภทอัลกอริทึมมีอะไรบ้าง,1.3.2 ประเภทอัลกอริทึม,569,0.0,0.0,0.0,C:\Users\Admin\data_structure_rag\indexes,True,,True,,True,
2026-06-09T04:02:47.631123,ผังงานคือ,1.4.1 ผังงาน,122,0.0,0.0,0.0,C:\Users\Admin\data_structure_rag\indexes,True,,True,,True,
2026-06-09T04:04:50.780584,โครงสร้างควบคุมแบบเรียงลำดับคือ,1.5.1 โครงสร้างควบคุมแบบเรียงลำดับ (Sequence),548,0.0,0.0,0.0,C:\Users\Admin\data_structure_rag\indexes,True,,True,,True,
2026-06-09T04:24:44.617114,โครงสร้างควบคุมแบบเลือกการทำงาน,1.5.2 โครงสร้างควบคุมแบบเลือกการทำงาน (Selection),838,0.0,0.0,0.0,C:\Users\Admin\data_structure_rag\indexes,True,,True,,True,
2026-06-09T04:26:26.209643, โครงสร้างควบคุมแบบทำซ้ำ คือ,1.5.3 โครงสร้างควบคุมแบบทำซ้ำ (Repetition),88,0.0,0.0,0.0,C:\Users\Admin\data_structure_rag\indexes,True,,True,,True,
2026-06-09T04:27:56.830222,ความหมายของอาร์เรย์,2.1.1 ความหมายของอาร์เรย์,589,0.0,0.0,0.0,C:\Users\Admin\data_structure_rag\indexes,True,,True,,True,
2026-06-09T04:29:20.609545,โครงสร้างของอาร์เรย์,2.1.2 โครงสร้างของอาร์เรย์,326,0.0,0.0,0.0,C:\Users\Admin\data_structure_rag\indexes,True,,True,,True,
2026-06-09T04:30:46.584497,อาร์เรย์ 1 มิติ คือ,2.2.1 อาร์เรย์ 1 มิติ,703,0.0,0.0,0.0,C:\Users\Admin\data_structure_rag\indexes,True,,True,,True,
2026-06-09T04:32:31.214944,อาร์เรย์ 2 มิติ,2.2.2 อาร์เรย์ 2 มิติ,702,0.0,0.0,0.0,C:\Users\Admin\data_structure_rag\indexes,True,,True,,True,
2026-06-09T04:34:06.198601,ความหมายของลิงค์ลิสต์,2.3.1 ความหมายของลิงค์ลิสต์,604,0.0,0.0,0.0,C:\Users\Admin\data_structure_rag\indexes,True,,True,,True,
2026-06-09T04:38:08.116793, โครงสร้างของลิงค์ลิสต์,2.3.2 โครงสร้างของลิงค์ลิสต์,807,0.0,0.0,0.0,C:\Users\Admin\data_structure_rag\indexes,True,,True,,True,
2026-06-09T04:40:54.033585,โครงสร้างลิงค์ลิสต์แบบทิศทางเดียว,2.4.1 โครงสร้างลิงค์ลิสต์แบบทิศทางเดียว,690,0.0,0.0,0.0,C:\Users\Admin\data_structure_rag\indexes,True,,True,,True,
2026-06-09T04:43:04.021725,การทำงานของลิงค์ลิสต์แบบทิศทางเดียว,2.4.2 การทำงานของลิงค์ลิสต์แบบทิศทางเดียว,1036,0.0,0.0,0.0,C:\Users\Admin\data_structure_rag\indexes,True,,True,,True,
2026-06-09T05:11:00.578967,โครงสร้างคิว,3.1 โครงสร้างคิว,750,0.0,0.0,0.0,C:\Users\Admin\data_structure_rag\indexes,True,,True,,True,
2026-06-09T05:12:23.204920,การนำข้อมูลเข้าของคิว,3.2.1 การนำข้อมูลเข้า (Enqueue),666,0.0,0.0,0.0,C:\Users\Admin\data_structure_rag\indexes,True,,True,,True,
2026-06-09T05:13:24.840398,การนำข้อมูลออกในคิว,3.2.2 การนำข้อมูลออก (Dequeue),620,0.0,0.0,0.0,C:\Users\Admin\data_structure_rag\indexes,True,,True,,True,
2026-06-09T05:14:36.740128,โครงสร้างของการแทนคิวด้วยอาร์เรย์,3.3.1 โครงสร้างของการแทนคิวด้วยอาร์เรย์,248,0.0,0.0,0.0,C:\Users\Admin\data_structure_rag\indexes,True,,True,,True,
2026-06-09T05:15:40.358261,การดำเนินการแทนคิวด้วยวงกลม,3.3.3 การดำเนินการแทนคิวด้วยวงกลม,818,0.0,0.0,0.0,C:\Users\Admin\data_structure_rag\indexes,True,,True,,True,
2026-06-09T05:17:39.549027,โครงสร้างสแตกคือ,4.1 โครงสร้างสแตก (Stack),594,0.0,0.0,0.0,C:\Users\Admin\data_structure_rag\indexes,True,,True,,True,
2026-06-09T05:19:17.983614, การนำข้อมูลเข้าในสแตก,4.2.1 การนำข้อมูลเข้า (Push),648,0.0,0.0,0.0,C:\Users\Admin\data_structure_rag\indexes,True,,True,,True,
2026-06-09T05:20:29.774989,ตำแหน่งบนสุดของสแตก,4.2 การดำเนินการของสแตก,813,0.0,0.0,0.0,C:\Users\Admin\data_structure_rag\indexes,True,,True,,True,
2026-06-09T05:25:49.336064, การดำเนินการแทนสแตกด้วยอาร์เรย์,4.3.1 การดำเนินการแทนสแตกด้วยอาร์เรย์,669,0.0,0.0,0.0,C:\Users\Admin\data_structure_rag\indexes,True,,True,,True,
2026-06-09T05:27:40.191677,การประยุกต์ใช้งานสแตกในการเปลงรูปนิพจน์ทางคณิตศาสตร์,4.3.2 การประยุกต์ใช้งานสแตกในการเปลงรูปนิพจน์ทางคณิตศาสตร์,124,0.0,0.0,0.0,C:\Users\Admin\data_structure_rag\indexes,True,,True,,True,
2026-06-09T05:29:21.089415,โครงสร้างทรี (Tree),5.1 โครงสร้างทรี (Tree),775,0.0,0.0,0.0,C:\Users\Admin\data_structure_rag\indexes,True,,True,,True,
2026-06-09T05:31:40.973188,ทรีทั่วไปคือ,5.2.1 ทรีทั่วไป (General Tree),725,0.0,0.0,0.0,C:\Users\Admin\data_structure_rag\indexes,True,,True,,True,
2026-06-09T05:33:10.391596,ไบนารีทรี คือ,5.2.2 ไบนารีทรี (Binary Tree),471,0.0,0.0,0.0,C:\Users\Admin\data_structure_rag\indexes,True,,True,,True,
2026-06-09T05:34:32.801296,ไบนารีทรีแบบสมบูรณ์คือ,5.2.3 ไบนารีทรีแบบสมบูรณ์ (Complete Binary Tree),622,0.0,0.0,0.0,C:\Users\Admin\data_structure_rag\indexes,True,,True,,True,
2026-06-09T05:36:15.477401,การเข้าถึงข้อมูลแบบแบบพรีออร์เดอร์,5.3 การเข้าถึงข้อมูลในไบนารีทรี,845,0.0,0.0,0.0,C:\Users\Admin\data_structure_rag\indexes,True,,True,,True,
2026-06-09T05:37:42.423712,การเข้าถึงข้อมูลแบบอินออร์เดอร์,5.3 การเข้าถึงข้อมูลในไบนารีทรี,89,0.0,0.0,0.0,C:\Users\Admin\data_structure_rag\indexes,True,,True,,True,
2026-06-09T05:38:46.154206,การเข้าถึงข้อมูลแบบโพสต์ออร์เดอร์,5.3 การเข้าถึงข้อมูลในไบนารีทรี,631,0.0,0.0,0.0,C:\Users\Admin\data_structure_rag\indexes,True,,True,,True,
2026-06-09T05:40:25.408426,ทรีกับการดำเนินการด้านนิพจน์,5.4 ทรีกับการดำเนินการด้านนิพจน์ (Expression Tree),728,0.0,0.0,0.0,C:\Users\Admin\data_structure_rag\indexes,True,,True,,True,
2026-06-09T05:41:15.424853, การแทนโครงสร้างไบนารีทรีแบบซีเควนเชียล ,5.5 การแทนโครงสร้างไบนารีทรีแบบซีเควนเชียล (Sequential Representation),650,0.0,0.0,0.0,C:\Users\Admin\data_structure_rag\indexes,True,,True,,True,
2026-06-09T05:42:53.014717,การแปลงทรีเป็นไบนารีทรี,5.6 การแปลงทรีเป็นไบนารีทรี,471,0.0,0.0,0.0,C:\Users\Admin\data_structure_rag\indexes,True,,True,,True,
2026-06-09T06:07:48.401728,อธิบายขั้นตอนวิธีการเรียงลำดับแบบ Quick Sort และวิเคราะห์ Time Complexity,1.5.1 โครงสร้างควบคุมแบบเรียงลำดับ (Sequence),88,0.0,0.0,0.0,C:\Users\Admin\data_structure_rag\indexes,True,,True,,True,
2026-06-09T06:09:23.944257,สภาพอากาศวันนี้ในจังหวัดเชียงใหม่เป็นอย่างไร,5.6 การแปลงทรีเป็นไบนารีทรี,124,0.0,0.0,0.0,C:\Users\Admin\data_structure_rag\indexes,True,,True,,True,
2026-06-09T06:10:20.164120,การใช้ Bitwise Operation ในการเข้ารหัสข้อมูลแบบ RSA Encryption,1.2.1 บิต (Bit),65,0.0,0.0,0.0,C:\Users\Admin\data_structure_rag\indexes,True,,True,,True,
2026-06-09T06:13:16.056764,Big-O Notation แบบ Amortized Analysis ใช้วิเคราะห์อะไร,other,88,0.0,0.0,0.0,C:\Users\Admin\data_structure_rag\indexes,True,,True,,True,
2026-06-09T06:14:01.731653,ฟีเจอร์ใหม่ใน Python 3.12 ที่ช่วยให้ประมวลผลเร็วขึ้น,4.3.2 การประยุกต์ใช้งานสแตกในการเปลงรูปนิพจน์ทางคณิตศาสตร์,89,0.0,0.0,0.0,C:\Users\Admin\data_structure_rag\indexes,True,,True,,True,
2026-06-09T06:14:57.791682,ฟิลด์แม่เหล็กไฟฟ้า (Electromagnetic Field) ส่งผลต่อการจัดเก็บข้อมูลอย่างไร,1.2.3 ฟิลด์ (Field),88,0.0,0.0,0.0,C:\Users\Admin\data_structure_rag\indexes,True,,True,,True,
2026-06-09T06:16:44.497642,"ความแตกต่างระหว่าง Float, Double และ Decimal ในการคำนวณทางการเงิน",4.3.2 การประยุกต์ใช้งานสแตกในการเปลงรูปนิพจน์ทางคณิตศาสตร์,66,0.0,0.0,0.0,C:\Users\Admin\data_structure_rag\indexes,True,,True,,True,
2026-06-09T06:18:23.640271,การ Normalization ในฐานข้อมูล relational มีกี่รูปแบบ,1.2.6 ฐานข้อมูล (Database),122,0.0,0.0,0.0,C:\Users\Admin\data_structure_rag\indexes,True,,True,,True,
2026-06-09T06:19:39.784068,Neural Network แบบ Transformer ใช้ Attention Mechanism อย่างไร,other,88,0.0,0.0,0.0,C:\Users\Admin\data_structure_rag\indexes,True,,True,,True,
2026-06-09T06:20:37.392012,เรคอร์ดโลกในการวิ่ง 100 เมตร (World Record) ทำลายกี่ครั้งแล้ว,1.2.4 เรคอร์ด (Record),88,0.0,0.0,0.0,C:\Users\Admin\data_structure_rag\indexes,True,,True,,True,
2026-06-09T06:21:27.729691,Memoization กับ Tabulation ใน Dynamic Programming ต่างกันอย่างไร,5.4 ทรีกับการดำเนินการด้านนิพจน์ (Expression Tree),89,0.0,0.0,0.0,C:\Users\Admin\data_structure_rag\indexes,True,,True,,True,
2026-06-09T06:22:20.538357,Quantum Algorithm จะเปลี่ยนแปลงการคำนวณ Big-O อย่างไรในอนาคต,1.1.2 ความหมายของอัลกอริทึม (Algorithm),88,0.0,0.0,0.0,C:\Users\Admin\data_structure_rag\indexes,True,,True,,True,
2026-06-09T06:23:38.992857,ผังงานการผลิตในโรงงานอุตสาหกรรม (Manufacturing Flowchart),1.4.1 ผังงาน,122,0.0,0.0,0.0,C:\Users\Admin\data_structure_rag\indexes,True,,True,,True,
2026-06-09T06:25:30.745776,การทำงานของ REST API และ JSON Web Token (JWT) Authentication,1.5.2 โครงสร้างควบคุมแบบเลือกการทำงาน (Selection),65,0.0,0.0,0.0,C:\Users\Admin\data_structure_rag\indexes,True,,True,,True,
2026-06-09T06:27:16.252123,String Matching Algorithm แบบ KMP กับ Boyer-Moore ต่างกันอย่างไร,1.1.2 ความหมายของอัลกอริทึม (Algorithm),65,0.0,0.0,0.0,C:\Users\Admin\data_structure_rag\indexes,True,,True,,True,
2026-06-09T06:27:54.543198,Sparse Array และการบีบอัดข้อมูล (Compression) ในระบบที่มี Memory จำกัด,5.3 การเข้าถึงข้อมูลในไบนารีทรี,66,0.0,0.0,0.0,C:\Users\Admin\data_structure_rag\indexes,True,,True,,True,
2026-06-09T06:28:38.556432,การคำนวณ Matrix Multiplication ใน Linear Algebra ใช้สำหรับอะไร,4.3.2 การประยุกต์ใช้งานสแตกในการเปลงรูปนิพจน์ทางคณิตศาสตร์,89,0.0,0.0,0.0,C:\Users\Admin\data_structure_rag\indexes,True,,True,,True,
2026-06-09T06:29:32.780555,อาร์เรย์ 4 มิติและ 5 มิติใช้ใน Computer Graphics และ Tensor Calculation อย่างไร,2.2.1 อาร์เรย์ 1 มิติ,89,0.0,0.0,0.0,C:\Users\Admin\data_structure_rag\indexes,True,,True,,True,
2026-06-09T06:30:29.592577,Skip List ใช้ทดแทน Balanced BST ได้อย่างไร,2: อาร์เรย์และลิงค์ลิสต์ (Array and Linked list),89,0.0,0.0,0.0,C:\Users\Admin\data_structure_rag\indexes,True,,True,,True,
2026-06-09T06:31:27.901459,"Smart Pointer ใน C++ (unique_ptr, shared_ptr) จัดการ Memory อย่างไร",4.3.2 การประยุกต์ใช้งานสแตกในการเปลงรูปนิพจน์ทางคณิตศาสตร์,89,0.0,0.0,0.0,C:\Users\Admin\data_structure_rag\indexes,True,,True,,True,
2026-06-09T06:32:25.091021,ลิงค์ลิสต์ (Linked List) ในการจัดการ URL ของเว็บไซต์ที่บุ๊กมาร์กไว้,2.3 โครงสร้างลิงค์ลิสต์ (Linked List),89,0.0,0.0,0.0,C:\Users\Admin\data_structure_rag\indexes,True,,True,,True,
2026-06-09T06:36:28.601141,Doubly Linked List กับ XOR Linked List ต่างกันอย่างไรในการใช้ Memory,2.3 โครงสร้างลิงค์ลิสต์ (Linked List),89,0.0,0.0,0.0,C:\Users\Admin\data_structure_rag\indexes,True,,True,,True,
2026-06-09T06:37:14.175607,Memory Management ใน Operating System ใช้ Paging และ Segmentation อย่างไร,4.3.2 การประยุกต์ใช้งานสแตกในการเปลงรูปนิพจน์ทางคณิตศาสตร์,66,0.0,0.0,0.0,C:\Users\Admin\data_structure_rag\indexes,True,,True,,True,
2026-06-09T06:38:00.649658,Node.js กับ Express.js ใช้สร้าง Backend API อย่างไร,5.4 ทรีกับการดำเนินการด้านนิพจน์ (Expression Tree),89,0.0,0.0,0.0,C:\Users\Admin\data_structure_rag\indexes,True,,True,,True,
2026-06-09T06:38:41.594608,Hash Table กับ Hash Map ต่างกันอย่างไร และการจัดการ Collision,5.4 ทรีกับการดำเนินการด้านนิพจน์ (Expression Tree),89,0.0,0.0,0.0,C:\Users\Admin\data_structure_rag\indexes,True,,True,,True,
2026-06-09T06:39:52.145629,Priority Queue กับ Heap Data Structure มีความสัมพันธ์กันอย่างไร,1.1.1 ความหมายของโครงสร้างข้อมูล (Data Structure),88,0.0,0.0,0.0,C:\Users\Admin\data_structure_rag\indexes,True,,True,,True,
2026-06-09T06:40:34.430217,Double-Ended Queue (Deque) ใช้ทำอะไรได้บ้างที่ Queue ธรรมดาทำไม่ได้,3.2 การดำเนินการของคิว,68,0.0,0.0,0.0,C:\Users\Admin\data_structure_rag\indexes,True,,True,,True,
2026-06-09T06:41:25.902398,ระบบคิวออนไลน์ (Queue System) ในร้านค้าอย่าง Queue-It และ Kiosk,3.2 การดำเนินการของคิว,66,0.0,0.0,0.0,C:\Users\Admin\data_structure_rag\indexes,True,,True,,True,
2026-06-09T06:42:18.870337,Thread-Safe Queue ใน Multi-threaded Programming ต้องจัดการ Race Condition อย่างไร,3.2 การดำเนินการของคิว,89,0.0,0.0,0.0,C:\Users\Admin\data_structure_rag\indexes,True,,True,,True,
2026-06-09T06:43:06.813857,การทำงานของ TCP/IP Protocol Stack และ Packet Queueing,4.2 การดำเนินการของสแตก,89,0.0,0.0,0.0,C:\Users\Admin\data_structure_rag\indexes,True,,True,,True,
2026-06-09T06:44:04.016985,Lock-Free Queue ใน C++ ใช้สำหรับ High-Frequency Trading อย่างไร,3.2 การดำเนินการของคิว,89,0.0,0.0,0.0,C:\Users\Admin\data_structure_rag\indexes,True,,True,,True,
2026-06-09T06:44:58.412941,Circular Economy (เศรษฐกิจหมุนเวียน) ในการจัดการขยะและทรัพยากร,4.3.2 การประยุกต์ใช้งานสแตกในการเปลงรูปนิพจน์ทางคณิตศาสตร์,66,0.0,0.0,0.0,C:\Users\Admin\data_structure_rag\indexes,True,,True,,True,
2026-06-09T06:46:13.989106,Breadth-First Search (BFS) ใช้ Queue ในการหา Shortest Path อย่างไร,3.2 การดำเนินการของคิว,89,0.0,0.0,0.0,C:\Users\Admin\data_structure_rag\indexes,True,,True,,True,
2026-06-09T06:47:06.593323,Monotonic Stack ใช้แก้ปัญหา Next Greater Element อย่างไร,4.2 การดำเนินการของสแตก,89,0.0,0.0,0.0,C:\Users\Admin\data_structure_rag\indexes,True,,True,,True,
2026-06-09T06:47:49.572869,Depth-First Search (DFS) ใช้ Stack ในการ Traversal Graph อย่างไร,4.2 การดำเนินการของสแตก,66,0.0,0.0,0.0,C:\Users\Admin\data_structure_rag\indexes,True,,True,,True,
2026-06-09T06:48:49.163807,Call Stack ใน JavaScript Engine V8 จัดการ Asynchronous Function อย่างไร,4.2 การดำเนินการของสแตก,66,0.0,0.0,0.0,C:\Users\Admin\data_structure_rag\indexes,True,,True,,True,
2026-06-09T06:49:46.848382,การใช้ Stack ในการตรวจสอบ Regular Expression Matching,4.2 การดำเนินการของสแตก,66,0.0,0.0,0.0,C:\Users\Admin\data_structure_rag\indexes,True,,True,,True,
2026-06-09T06:50:43.246258,Stack Frame และ Activation Record ใน Compiler Design คืออะไร,1.2.4 เรคอร์ด (Record),88,0.0,0.0,0.0,C:\Users\Admin\data_structure_rag\indexes,True,,True,,True,
2026-06-09T06:51:38.232740,Push Notification กับ Pop-up Ads ใน Mobile App Marketing ต่างกันอย่างไร,5.4 ทรีกับการดำเนินการด้านนิพจน์ (Expression Tree),89,0.0,0.0,0.0,C:\Users\Admin\data_structure_rag\indexes,True,,True,,True,
2026-06-09T06:52:34.931121,การแปลง Recursive Algorithm เป็น Iterative โดยใช้ Explicit Stack,1.1.2 ความหมายของอัลกอริทึม (Algorithm),65,0.0,0.0,0.0,C:\Users\Admin\data_structure_rag\indexes,True,,True,,True,
2026-06-09T06:53:35.194421,AVL Tree กับ Red-Black Tree ต่างกันอย่างไรในการ Balancing,5.4 ทรีกับการดำเนินการด้านนิพจน์ (Expression Tree),89,0.0,0.0,0.0,C:\Users\Admin\data_structure_rag\indexes,True,,True,,True,
2026-06-09T06:54:34.781873,Min-Heap กับ Max-Heap ใช้สร้าง Priority Queue อย่างไร,3.2 การดำเนินการของคิว,89,0.0,0.0,0.0,C:\Users\Admin\data_structure_rag\indexes,True,,True,,True,
2026-06-09T06:55:23.723676,Tree ในการจัดหมวดหมู่สินค้า (Category Tree) ของ E-commerce อย่าง Shopee,5.4 ทรีกับการดำเนินการด้านนิพจน์ (Expression Tree),89,0.0,0.0,0.0,C:\Users\Admin\data_structure_rag\indexes,True,,True,,True,
2026-06-09T06:57:14.323748,Trie (Prefix Tree) ใช้สำหรับ Auto-complete และ Spell Checking อย่างไร,4.3.2 การประยุกต์ใช้งานสแตกในการเปลงรูปนิพจน์ทางคณิตศาสตร์,89,0.0,0.0,0.0,C:\Users\Admin\data_structure_rag\indexes,True,,True,,True,
2026-06-09T06:58:02.177712,Minimum Spanning Tree กับ Kruskal's Algorithm ทำงานอย่างไร,1.1.2 ความหมายของอัลกอริทึม (Algorithm),88,0.0,0.0,0.0,C:\Users\Admin\data_structure_rag\indexes,True,,True,,True,
2026-06-09T06:58:52.242516, phylogenetic Tree ในการศึกษาวิวัฒนาการของสายพันธุ์,5.4 ทรีกับการดำเนินการด้านนิพจน์ (Expression Tree),89,0.0,0.0,0.0,C:\Users\Admin\data_structure_rag\indexes,True,,True,,True,
2026-06-09T07:29:02.622457, ความหมายของโครงสร้างข้อมูล (Data Structure),1.1.1 ความหมายของโครงสร้างข้อมูล (Data Structure),811,0.0,0.0,0.0,C:\Users\Admin\data_structure_rag\indexes,True,,True,,True,
2026-06-09T07:31:03.467283,ความหมายของอัลกอริทึม (Algorithm),1.1.2 ความหมายของอัลกอริทึม (Algorithm),823,0.0,0.0,0.0,C:\Users\Admin\data_structure_rag\indexes,True,,True,,True,
2026-06-09T07:32:40.015838,บิต (Bit),1.2.1 บิต (Bit),88,0.0,0.0,0.0,C:\Users\Admin\data_structure_rag\indexes,True,,True,,True,
2026-06-09T07:34:38.922237,โครงสร้างเรคอร์ด (Record),1.2.4 เรคอร์ด (Record),403,0.0,0.0,0.0,C:\Users\Admin\data_structure_rag\indexes,True,,True,,True,
2026-06-09T07:35:38.528168,โครงสร้าง ฐานข้อมูล (Database),1.2.6 ฐานข้อมูล (Database),831,0.0,0.0,0.0,C:\Users\Admin\data_structure_rag\indexes,True,,True,,True,
2026-06-09T07:37:29.037892,ประเภทอัลกอริทึม,1.3.2 ประเภทอัลกอริทึม,808,0.0,0.0,0.0,C:\Users\Admin\data_structure_rag\indexes,True,,True,,True,
2026-06-09T07:38:13.890033,ผังงานคือ,1.4.1 ผังงาน,122,0.0,0.0,0.0,C:\Users\Admin\data_structure_rag\indexes,True,,True,,True,
2026-06-09T07:39:52.368823,โครงสร้างควบคุมแบบเรียงลำดับ,1.5.1 โครงสร้างควบคุมแบบเรียงลำดับ (Sequence),758,0.0,0.0,0.0,C:\Users\Admin\data_structure_rag\indexes,True,,True,,True,
2026-06-09T07:41:12.106771,โครงสร้างควบคุมแบบเลือกการทำงาน,1.5.2 โครงสร้างควบคุมแบบเลือกการทำงาน (Selection),520,0.0,0.0,0.0,C:\Users\Admin\data_structure_rag\indexes,True,,True,,True,
2026-06-09T07:41:53.475407,โครงสร้างควบคุมแบบทำซ้ำ,1.5.3 โครงสร้างควบคุมแบบทำซ้ำ (Repetition),88,0.0,0.0,0.0,C:\Users\Admin\data_structure_rag\indexes,True,,True,,True,
2026-06-09T07:42:37.955702,ความหมายของอาร์เรย์,2.1.1 ความหมายของอาร์เรย์,751,0.0,0.0,0.0,C:\Users\Admin\data_structure_rag\indexes,True,,True,,True,
2026-06-09T07:43:20.869518,โครงสร้างของอาร์เรย์,2.1.2 โครงสร้างของอาร์เรย์,174,0.0,0.0,0.0,C:\Users\Admin\data_structure_rag\indexes,True,,True,,True,
2026-06-09T07:44:20.410553,อาร์เรย์ 1 มิติ,2.2.1 อาร์เรย์ 1 มิติ,821,0.0,0.0,0.0,C:\Users\Admin\data_structure_rag\indexes,True,,True,,True,
2026-06-09T07:44:55.358606,อาร์เรย์ 2 มิติ,2.2.2 อาร์เรย์ 2 มิติ,702,0.0,0.0,0.0,C:\Users\Admin\data_structure_rag\indexes,True,,True,,True,
2026-06-09T07:45:39.906013, ความหมายของลิงค์ลิสต์,2.3.1 ความหมายของลิงค์ลิสต์,604,0.0,0.0,0.0,C:\Users\Admin\data_structure_rag\indexes,True,,True,,True,
2026-06-09T07:46:31.864902, โครงสร้างของลิงค์ลิสต์,2.3.2 โครงสร้างของลิงค์ลิสต์,679,0.0,0.0,0.0,C:\Users\Admin\data_structure_rag\indexes,True,,True,,True,
2026-06-09T07:47:19.294026,โครงสร้างลิงค์ลิสต์แบบทิศทางเดียว,2.4.1 โครงสร้างลิงค์ลิสต์แบบทิศทางเดียว,673,0.0,0.0,0.0,C:\Users\Admin\data_structure_rag\indexes,True,,True,,True,
2026-06-09T07:48:22.640083,การทำงานของลิงค์ลิสต์แบบทิศทางเดียว,2.4.2 การทำงานของลิงค์ลิสต์แบบทิศทางเดียว,857,0.0,0.0,0.0,C:\Users\Admin\data_structure_rag\indexes,True,,True,,True,
2026-06-09T07:49:29.047132,โครงสร้างคิว,3.1 โครงสร้างคิว,750,0.0,0.0,0.0,C:\Users\Admin\data_structure_rag\indexes,True,,True,,True,
2026-06-09T07:50:19.657291,การนำข้อมูลเข้า (Enqueue),3.2.1 การนำข้อมูลเข้า (Enqueue),585,0.0,0.0,0.0,C:\Users\Admin\data_structure_rag\indexes,True,,True,,True,
2026-06-09T07:51:03.357682,การนำข้อมูลออก (Dequeue),3.2.2 การนำข้อมูลออก (Dequeue),706,0.0,0.0,0.0,C:\Users\Admin\data_structure_rag\indexes,True,,True,,True,
2026-06-09T07:51:46.848051,โครงสร้างของการแทนคิวด้วยอาร์เรย์,3.3.1 โครงสร้างของการแทนคิวด้วยอาร์เรย์,247,0.0,0.0,0.0,C:\Users\Admin\data_structure_rag\indexes,True,,True,,True,
2026-06-09T07:52:35.858644,การดำเนินการแทนคิวด้วยอาร์เรย์,3.3.2 การดำเนินการแทนคิวด้วยอาร์เรย์,485,0.0,0.0,0.0,C:\Users\Admin\data_structure_rag\indexes,True,,True,,True,
2026-06-09T07:53:13.488552,การดำเนินการแทนคิวด้วยวงกลม,3.3.3 การดำเนินการแทนคิวด้วยวงกลม,823,0.0,0.0,0.0,C:\Users\Admin\data_structure_rag\indexes,True,,True,,True,
2026-06-09T07:54:05.969389,โครงสร้างสแตก (Stack),4.1 โครงสร้างสแตก (Stack),811,0.0,0.0,0.0,C:\Users\Admin\data_structure_rag\indexes,True,,True,,True,
2026-06-09T07:54:46.194400,การนำข้อมูลเข้า (Push),4.2.1 การนำข้อมูลเข้า (Push),809,0.0,0.0,0.0,C:\Users\Admin\data_structure_rag\indexes,True,,True,,True,
2026-06-09T07:55:21.504998,การดึงข้อมูลออก (Pop),4.2.2 การดึงข้อมูลออก (Pop),842,0.0,0.0,0.0,C:\Users\Admin\data_structure_rag\indexes,True,,True,,True,
2026-06-09T07:56:05.152082,ตำแหน่งบนสุด (top),4.2.3 ตำแหน่งบนสุด (top),500,0.0,0.0,0.0,C:\Users\Admin\data_structure_rag\indexes,True,,True,,True,
2026-06-09T07:56:49.094358,การดำเนินการแทนสแตกด้วยอาร์เรย์,4.3.1 การดำเนินการแทนสแตกด้วยอาร์เรย์,773,0.0,0.0,0.0,C:\Users\Admin\data_structure_rag\indexes,True,,True,,True,
2026-06-09T07:57:42.953050,การประยุกต์ใช้งานสแตกในการเปลงรูปนิพจน์ทางคณิตศาสตร์,4.3.2 การประยุกต์ใช้งานสแตกในการเปลงรูปนิพจน์ทางคณิตศาสตร์,124,0.0,0.0,0.0,C:\Users\Admin\data_structure_rag\indexes,True,,True,,True,
2026-06-09T07:58:35.347329,โครงสร้างทรี (Tree),5.1 โครงสร้างทรี (Tree),899,0.0,0.0,0.0,C:\Users\Admin\data_structure_rag\indexes,True,,True,,True,
2026-06-09T07:59:21.249076,ทรีทั่วไป (General Tree),5.2.1 ทรีทั่วไป (General Tree),888,0.0,0.0,0.0,C:\Users\Admin\data_structure_rag\indexes,True,,True,,True,
2026-06-09T08:00:07.253652,ไบนารีทรี (Binary Tree),5.2.2 ไบนารีทรี (Binary Tree),546,0.0,0.0,0.0,C:\Users\Admin\data_structure_rag\indexes,True,,True,,True,
2026-06-09T08:00:49.633821,ไบนารีทรีแบบสมบูรณ์ (Complete Binary Tree),5.2.3 ไบนารีทรีแบบสมบูรณ์ (Complete Binary Tree),682,0.0,0.0,0.0,C:\Users\Admin\data_structure_rag\indexes,True,,True,,True,
2026-06-09T08:01:38.885458,แบบพรีออร์เดอร์ (Preorder Traversal),5.3.1 แบบพรีออร์เดอร์ (Preorder Traversal),452,0.0,0.0,0.0,C:\Users\Admin\data_structure_rag\indexes,True,,True,,True,
2026-06-09T08:02:21.246739,แบบอินออร์เดอร์ (Inorder Traversal),5.3.2 แบบอินออร์เดอร์ (Inorder Traversal),782,0.0,0.0,0.0,C:\Users\Admin\data_structure_rag\indexes,True,,True,,True,
2026-06-09T08:03:04.438237,แบบโพสต์ออร์เดอร์ (Postorder Traversal),5.3.3 แบบโพสต์ออร์เดอร์ (Postorder Traversal),424,0.0,0.0,0.0,C:\Users\Admin\data_structure_rag\indexes,True,,True,,True,
2026-06-09T08:04:19.934416,ทรีกับการดำเนินการด้านนิพจน์ (Expression Tree),5.4 ทรีกับการดำเนินการด้านนิพจน์ (Expression Tree),755,0.0,0.0,0.0,C:\Users\Admin\data_structure_rag\indexes,True,,True,,True,
2026-06-09T08:05:09.064220,การแทนโครงสร้างไบนารีทรีแบบซีเควนเชียล (Sequential Representation),5.5 การแทนโครงสร้างไบนารีทรีแบบซีเควนเชียล (Sequential Representation),598,0.0,0.0,0.0,C:\Users\Admin\data_structure_rag\indexes,True,,True,,True,
2026-06-09T08:05:54.160212,การแปลงทรีเป็นไบนารีทรี,5.6 การแปลงทรีเป็นไบนารีทรี,519,0.0,0.0,0.0,C:\Users\Admin\data_structure_rag\indexes,True,,True,,True,
2026-06-09T08:06:44.238691,AVL Tree กับ Red-Black Tree ต่างกันอย่างไรในการ Balancing,5.4 ทรีกับการดำเนินการด้านนิพจน์ (Expression Tree),89,0.0,0.0,0.0,C:\Users\Admin\data_structure_rag\indexes,True,,True,,True,
2026-06-09T08:07:53.457553,Min-Heap กับ Max-Heap ใช้สร้าง Priority Queue อย่างไร,3.2 การดำเนินการของคิว,89,0.0,0.0,0.0,C:\Users\Admin\data_structure_rag\indexes,True,,True,,True,
2026-06-09T08:08:49.414017,Tree ในการจัดหมวดหมู่สินค้า (Category Tree) ของ E-commerce อย่าง Shopee,5.4 ทรีกับการดำเนินการด้านนิพจน์ (Expression Tree),89,0.0,0.0,0.0,C:\Users\Admin\data_structure_rag\indexes,True,,True,,True,
2026-06-09T08:09:51.342177,Trie (Prefix Tree) ใช้สำหรับ Auto-complete และ Spell Checking อย่างไร,4.3.2 การประยุกต์ใช้งานสแตกในการเปลงรูปนิพจน์ทางคณิตศาสตร์,89,0.0,0.0,0.0,C:\Users\Admin\data_structure_rag\indexes,True,,True,,True,
2026-06-09T08:12:10.597819,Trie (Prefix Tree) ใช้สำหรับ Auto-complete และ Spell Checking อย่างไร,4.3.2 การประยุกต์ใช้งานสแตกในการเปลงรูปนิพจน์ทางคณิตศาสตร์,89,0.0,0.0,0.0,C:\Users\Admin\data_structure_rag\indexes,True,,True,,True,
2026-06-09T08:13:07.333614,Minimum Spanning Tree กับ Kruskal's Algorithm ทำงานอย่างไร,1.1.2 ความหมายของอัลกอริทึม (Algorithm),88,0.0,0.0,0.0,C:\Users\Admin\data_structure_rag\indexes,True,,True,,True,
2026-06-09T08:13:36.181935, phylogenetic Tree ในการศึกษาวิวัฒนาการของสายพันธุ์,5.4 ทรีกับการดำเนินการด้านนิพจน์ (Expression Tree),89,0.0,0.0,0.0,C:\Users\Admin\data_structure_rag\indexes,True,,True,,True,
2026-06-09T08:14:05.941291,Level-order Traversal ในการหา Shortest Path ใน Social Network Analysis,5.3.3 แบบโพสต์ออร์เดอร์ (Postorder Traversal),68,0.0,0.0,0.0,C:\Users\Admin\data_structure_rag\indexes,True,,True,,True,
2026-06-09T08:15:18.597548,Segment Tree กับ Fenwick Tree (Binary Indexed Tree) ใช้ Range Query อย่างไร,5.4 ทรีกับการดำเนินการด้านนิพจน์ (Expression Tree),66,0.0,0.0,0.0,C:\Users\Admin\data_structure_rag\indexes,True,,True,,True,
2026-06-09T08:15:58.582247,Threaded Binary Tree ใช้ลด Space Complexity จาก Recursive Stack อย่างไร,4.2 การดำเนินการของสแตก,89,0.0,0.0,0.0,C:\Users\Admin\data_structure_rag\indexes,True,,True,,True,
2026-06-09T08:16:39.899312,Regular Expression (RegEx) ในการ Validate Email Address รูปแบบไหน,4.3.2 การประยุกต์ใช้งานสแตกในการเปลงรูปนิพจน์ทางคณิตศาสตร์,124,0.0,0.0,0.0,C:\Users\Admin\data_structure_rag\indexes,True,,True,,True,
2026-06-09T08:21:34.566677,B-Tree และ B+ Tree ใน Database Indexing ทำงานอย่างไร,1.2.6 ฐานข้อมูล (Database),65,0.0,0.0,0.0,C:\Users\Admin\data_structure_rag\indexes,True,,True,,True,
2026-06-09T08:23:05.401245,Persistent Segment Tree ใน Functional Programming สำหรับ Version Control,5.4 ทรีกับการดำเนินการด้านนิพจน์ (Expression Tree),89,0.0,0.0,0.0,C:\Users\Admin\data_structure_rag\indexes,True,,True,,True,
2026-06-09T08:24:31.933438,Hash Table และการจัดการ Collision ด้วย Linear Probing,3.3.1 โครงสร้างของการแทนคิวด้วยอาร์เรย์,89,0.0,0.0,0.0,C:\Users\Admin\data_structure_rag\indexes,True,,True,,True,
2026-06-09T08:25:06.085379,Memory Management ใน Operating System ใช้ Paging อย่างไร,4.3.2 การประยุกต์ใช้งานสแตกในการเปลงรูปนิพจน์ทางคณิตศาสตร์,66,0.0,0.0,0.0,C:\Users\Admin\data_structure_rag\indexes,True,,True,,True,
2026-06-09T08:25:43.315400,Big O Notation แบบ Big Omega และ Big Theta ใช้วิเคราะห์อะไร,other,88,0.0,0.0,0.0,C:\Users\Admin\data_structure_rag\indexes,True,,True,,True,
2026-06-09T08:26:12.958412,Byte Order Mark (BOM) ใน UTF-8 และ UTF-16 ต่างกันอย่างไร,1.2.2 ไบต์ (Byte),88,0.0,0.0,0.0,C:\Users\Admin\data_structure_rag\indexes,True,,True,,True,
2026-06-09T08:27:02.405713,Merge Sort Algorithm ที่ใช้ Divide and Conquer มีขั้นตอนอย่างไร,1.1.2 ความหมายของอัลกอริทึม (Algorithm),65,0.0,0.0,0.0,C:\Users\Admin\data_structure_rag\indexes,True,,True,,True,
2026-06-09T08:28:07.682789,Interpolation Search ที่ปรับปรุงจาก Binary Search ทำงานอย่างไร,5.2.3 ไบนารีทรีแบบสมบูรณ์ (Complete Binary Tree),66,0.0,0.0,0.0,C:\Users\Admin\data_structure_rag\indexes,True,,True,,True,
2026-06-09T08:31:25.668135,Quantum Computing กับ Qubit ต่างจาก Bit อย่างไร,1.2.1 บิต (Bit),65,0.0,0.0,0.0,C:\Users\Admin\data_structure_rag\indexes,True,,True,,True,
2026-06-09T08:31:54.788265,Database Record ใน SQL Table กับ Record ใน Programming ต่างกันอย่างไร,1.2.4 เรคอร์ด (Record),88,0.0,0.0,0.0,C:\Users\Admin\data_structure_rag\indexes,True,,True,,True,
2026-06-09T08:32:33.164019,Tail Recursion Optimization ใน Functional Programming,4.3.2 การประยุกต์ใช้งานสแตกในการเปลงรูปนิพจน์ทางคณิตศาสตร์,66,0.0,0.0,0.0,C:\Users\Admin\data_structure_rag\indexes,True,,True,,True,
2026-06-09T08:33:47.500332,Array 3 มิติ (3D Array) และ 4 มิติ ใช้เก็บข้อมูลอะไร,1: โครงสร้างข้อมูลเบื้องต้น (Introduction to Data Structure),89,0.0,0.0,0.0,C:\Users\Admin\data_structure_rag\indexes,True,,True,,True,
2026-06-09T08:34:22.398050,String เป็น Array of Characters แต่มี Operations อะไรสำคัญ,2: อาร์เรย์และลิงค์ลิสต์ (Array and Linked list),89,0.0,0.0,0.0,C:\Users\Admin\data_structure_rag\indexes,True,,True,,True,
2026-06-09T08:35:08.821475,Matrix Multiplication ใน Linear Algebra ใช้ Array อย่างไร,2: อาร์เรย์และลิงค์ลิสต์ (Array and Linked list),89,0.0,0.0,0.0,C:\Users\Admin\data_structure_rag\indexes,True,,True,,True,
2026-06-09T08:35:40.006889,Doubly Linked List ที่มี Pointer ทั้ง Next และ Previous,2.3 โครงสร้างลิงค์ลิสต์ (Linked List),89,0.0,0.0,0.0,C:\Users\Admin\data_structure_rag\indexes,True,,True,,True,
2026-06-09T08:36:15.876667,Circular Linked List ที่โหนดสุดท้ายชี้กลับมาหา Head,2.3 โครงสร้างลิงค์ลิสต์ (Linked List),89,0.0,0.0,0.0,C:\Users\Admin\data_structure_rag\indexes,True,,True,,True,
2026-06-09T08:37:29.281084,Skip List ที่เพิ่ม Speed ด้วย Express Lane ทำงานอย่างไร,2: อาร์เรย์และลิงค์ลิสต์ (Array and Linked list),89,0.0,0.0,0.0,C:\Users\Admin\data_structure_rag\indexes,True,,True,,True,
2026-06-09T08:38:06.926121,Smart Pointer ใน C++ จัดการ Memory Leak อย่างไร,4.3.2 การประยุกต์ใช้งานสแตกในการเปลงรูปนิพจน์ทางคณิตศาสตร์,89,0.0,0.0,0.0,C:\Users\Admin\data_structure_rag\indexes,True,,True,,True,
2026-06-09T08:38:41.487116,Virtual Memory Address Translation ด้วย TLB,3.3.1 โครงสร้างของการแทนคิวด้วยอาร์เรย์,89,0.0,0.0,0.0,C:\Users\Admin\data_structure_rag\indexes,True,,True,,True,
2026-06-09T08:39:19.124573,Priority Queue ที่ใช้ Heap ภายใน มีการดำเนินการอย่างไร,3.2 การดำเนินการของคิว,66,0.0,0.0,0.0,C:\Users\Admin\data_structure_rag\indexes,True,,True,,True,
2026-06-09T08:40:04.339356,Deque (Double-ended Queue) Enqueue/Dequeue ทั้งสองทาง,3.2.1 การนำข้อมูลเข้า (Enqueue),867,0.0,0.0,0.0,C:\Users\Admin\data_structure_rag\indexes,True,,True,,True,
2026-06-09T08:41:17.268137,Thread-safe Queue ใน Multi-threading ใช้ Lock อย่างไร,3.2 การดำเนินการของคิว,89,0.0,0.0,0.0,C:\Users\Admin\data_structure_rag\indexes,True,,True,,True,
2026-06-09T08:42:31.904132,Message Queue ในระบบ Microservices กับ Queue ต่างกันอย่างไร,3.2 การดำเนินการของคิว,89,0.0,0.0,0.0,C:\Users\Admin\data_structure_rag\indexes,True,,True,,True,
2026-06-09T08:43:13.027945,Lock-free Queue ใช้ CAS ใน Concurrent Programming,3.2 การดำเนินการของคิว,89,0.0,0.0,0.0,C:\Users\Admin\data_structure_rag\indexes,True,,True,,True,
2026-06-09T08:43:50.721193,Sliding Window Algorithm ที่ใช้ Queue ในการหา Maximum,1.1.2 ความหมายของอัลกอริทึม (Algorithm),88,0.0,0.0,0.0,C:\Users\Admin\data_structure_rag\indexes,True,,True,,True,
2026-06-09T08:44:27.457003,Buffer ใน Streaming Video ทำงานเหมือน Queue อย่างไร,3.2 การดำเนินการของคิว,66,0.0,0.0,0.0,C:\Users\Admin\data_structure_rag\indexes,True,,True,,True,
2026-06-09T08:45:09.140000,Monotonic Queue ในการหา Next Greater Element,3.2 การดำเนินการของคิว,66,0.0,0.0,0.0,C:\Users\Admin\data_structure_rag\indexes,True,,True,,True,
2026-06-09T08:46:03.904944,Job Dequeue ใน Task Scheduler ของ Operating System,3.2.2 การนำข้อมูลออก (Dequeue),813,0.0,0.0,0.0,C:\Users\Admin\data_structure_rag\indexes,True,,True,,True,
2026-06-09T08:48:17.096097,Monotonic Stack ในการหา Next Greater Element,4.2 การดำเนินการของสแตก,89,0.0,0.0,0.0,C:\Users\Admin\data_structure_rag\indexes,True,,True,,True,
2026-06-09T08:49:09.900781,Two Stacks in One Array ใช้ร่วมกันอย่างไรโดยไม่ให้ชนกัน,4.3.1 การดำเนินการแทนสแตกด้วยอาร์เรย์,89,0.0,0.0,0.0,C:\Users\Admin\data_structure_rag\indexes,True,,True,,True,
2026-06-09T08:50:51.715981,ความหมายของโครงสร้างข้อมูล (Data Structure),1.1.1 ความหมายของโครงสร้างข้อมูล (Data Structure),811,0.0,0.0,0.0,C:\Users\Admin\data_structure_rag\indexes,True,,True,,True,
2026-06-09T08:52:08.267772,ความหมายของอัลกอริทึม (Algorithm),1.1.2 ความหมายของอัลกอริทึม (Algorithm),809,0.0,0.0,0.0,C:\Users\Admin\data_structure_rag\indexes,True,,True,,True,
2026-06-09T08:52:53.138681,โครงสร้างข้อมูลแบบบิต (Bit),1.2.1 บิต (Bit),88,0.0,0.0,0.0,C:\Users\Admin\data_structure_rag\indexes,True,,True,,True,
2026-06-09T08:53:39.805147,โครงสร้างข้อมูลแบบไบต์ (Byte),1.2.2 ไบต์ (Byte),88,0.0,0.0,0.0,C:\Users\Admin\data_structure_rag\indexes,True,,True,,True,
2026-06-09T08:54:19.979672,โครงสร้างข้อมูลแบบฟิลด์ (Field),1.2.3 ฟิลด์ (Field),367,0.0,0.0,0.0,C:\Users\Admin\data_structure_rag\indexes,True,,True,,True,
2026-06-09T08:55:03.052116,โครงสร้างข้อมูลเรคอร์ด (Record),1.2.4 เรคอร์ด (Record),545,0.0,0.0,0.0,C:\Users\Admin\data_structure_rag\indexes,True,,True,,True,
2026-06-09T08:58:19.991460,โครงสร้างข้อมูลแบบไฟล์ (File),1.2.5 ไฟล์ (File),514,0.0,0.0,0.0,C:\Users\Admin\data_structure_rag\indexes,True,,True,,True,
2026-06-09T08:58:53.822778,โครงสร้างแบบฐานข้อมูล (Database),1.2.6 ฐานข้อมูล (Database),310,0.0,0.0,0.0,C:\Users\Admin\data_structure_rag\indexes,True,,True,,True,
2026-06-09T09:01:30.295204,ประเภทอัลกอริทึมมีอะไรบ้าง,1.3.2 ประเภทอัลกอริทึม,88,0.0,0.0,0.0,C:\Users\Admin\data_structure_rag\indexes,True,,True,,True,
2026-06-09T09:02:13.191935,ผังงานคืออะไร,1.4.1 ผังงาน,122,0.0,0.0,0.0,C:\Users\Admin\data_structure_rag\indexes,True,,True,,True,
2026-06-09T09:03:23.222777,โครงสร้างควบคุมแบบเรียงลำดับ (Sequence) คือ,1.5.1 โครงสร้างควบคุมแบบเรียงลำดับ (Sequence),195,0.0,0.0,0.0,C:\Users\Admin\data_structure_rag\indexes,True,,True,,True,
2026-06-09T09:04:03.304473,โครงสร้างควบคุมแบบเลือกการทำงาน (Selection) คือ,1.5.2 โครงสร้างควบคุมแบบเลือกการทำงาน (Selection),547,0.0,0.0,0.0,C:\Users\Admin\data_structure_rag\indexes,True,,True,,True,
2026-06-09T09:04:53.545697,โครงสร้างควบคุมแบบทำซ้ำ (Repetition) คือ,1.5.3 โครงสร้างควบคุมแบบทำซ้ำ (Repetition),67,0.0,0.0,0.0,C:\Users\Admin\data_structure_rag\indexes,True,,True,,True,
2026-06-09T09:05:36.529562,ความหมายของอาร์เรย์,2.1.1 ความหมายของอาร์เรย์,589,0.0,0.0,0.0,C:\Users\Admin\data_structure_rag\indexes,True,,True,,True,
2026-06-09T09:06:09.393046,โครงสร้างของอาร์เรย์,2.1.2 โครงสร้างของอาร์เรย์,326,0.0,0.0,0.0,C:\Users\Admin\data_structure_rag\indexes,True,,True,,True,
2026-06-09T09:06:46.097955,อาร์เรย์ 1 มิติ คือ,2.2.1 อาร์เรย์ 1 มิติ,202,0.0,0.0,0.0,C:\Users\Admin\data_structure_rag\indexes,True,,True,,True,
2026-06-09T09:07:23.482936,อาร์เรย์ 2 มิติ,2.2.2 อาร์เรย์ 2 มิติ,702,0.0,0.0,0.0,C:\Users\Admin\data_structure_rag\indexes,True,,True,,True,
2026-06-09T09:12:14.304899,ความหมายของลิงค์ลิสต์,2.3.1 ความหมายของลิงค์ลิสต์,605,0.0,0.0,0.0,C:\Users\Admin\data_structure_rag\indexes,True,,True,,True,
2026-06-09T09:12:52.022667,โครงสร้างของลิงค์ลิสต์,2.3.2 โครงสร้างของลิงค์ลิสต์,743,0.0,0.0,0.0,C:\Users\Admin\data_structure_rag\indexes,True,,True,,True,
2026-06-09T09:13:31.760802,โครงสร้างลิงค์ลิสต์แบบทิศทางเดียว,2.4.1 โครงสร้างลิงค์ลิสต์แบบทิศทางเดียว,690,0.0,0.0,0.0,C:\Users\Admin\data_structure_rag\indexes,True,,True,,True,
2026-06-09T09:14:18.566145,การทำงานของลิงค์ลิสต์แบบทิศทางเดียว,2.4.2 การทำงานของลิงค์ลิสต์แบบทิศทางเดียว,865,0.0,0.0,0.0,C:\Users\Admin\data_structure_rag\indexes,True,,True,,True,
2026-06-09T09:15:13.549108,โครงสร้างคิว,3.1 โครงสร้างคิว,750,0.0,0.0,0.0,C:\Users\Admin\data_structure_rag\indexes,True,,True,,True,
2026-06-09T09:15:44.629189,การนำข้อมูลเข้า (Enqueue),3.2.1 การนำข้อมูลเข้า (Enqueue),301,0.0,0.0,0.0,C:\Users\Admin\data_structure_rag\indexes,True,,True,,True,
2026-06-09T09:16:21.328843,การนำข้อมูลออก (Dequeue),3.2.2 การนำข้อมูลออก (Dequeue),705,0.0,0.0,0.0,C:\Users\Admin\data_structure_rag\indexes,True,,True,,True,
2026-06-09T09:17:08.695210,โครงสร้างของการแทนคิวด้วยอาร์เรย์,3.3.1 โครงสร้างของการแทนคิวด้วยอาร์เรย์,248,0.0,0.0,0.0,C:\Users\Admin\data_structure_rag\indexes,True,,True,,True,
2026-06-09T09:17:59.109111,การดำเนินการแทนคิวด้วยอาร์เรย์,3.3.2 การดำเนินการแทนคิวด้วยอาร์เรย์,369,0.0,0.0,0.0,C:\Users\Admin\data_structure_rag\indexes,True,,True,,True,
2026-06-09T09:18:41.062177,การดำเนินการแทนคิวด้วยวงกลม,3.3.3 การดำเนินการแทนคิวด้วยวงกลม,789,0.0,0.0,0.0,C:\Users\Admin\data_structure_rag\indexes,True,,True,,True,
2026-06-09T09:19:35.774676,โครงสร้างสแตก (Stack),4.1 โครงสร้างสแตก (Stack),674,0.0,0.0,0.0,C:\Users\Admin\data_structure_rag\indexes,True,,True,,True,
2026-06-09T09:20:16.270585, การนำข้อมูลเข้า (Push),4.2.1 การนำข้อมูลเข้า (Push),810,0.0,0.0,0.0,C:\Users\Admin\data_structure_rag\indexes,True,,True,,True,
2026-06-09T09:21:02.830660,การดึงข้อมูลออก (Pop),4.2.2 การดึงข้อมูลออก (Pop),864,0.0,0.0,0.0,C:\Users\Admin\data_structure_rag\indexes,True,,True,,True,
2026-06-09T09:21:43.670512,ตำแหน่งบนสุด (top),4.2.3 ตำแหน่งบนสุด (top),432,0.0,0.0,0.0,C:\Users\Admin\data_structure_rag\indexes,True,,True,,True,
2026-06-09T09:22:32.768688,การดำเนินการแทนสแตกด้วยอาร์เรย์,4.3.1 การดำเนินการแทนสแตกด้วยอาร์เรย์,669,0.0,0.0,0.0,C:\Users\Admin\data_structure_rag\indexes,True,,True,,True,
2026-06-09T09:23:23.184587,การประยุกต์ใช้งานสแตกในการเปลงรูปนิพจน์ทางคณิตศาสตร์,4.3.2 การประยุกต์ใช้งานสแตกในการเปลงรูปนิพจน์ทางคณิตศาสตร์,124,0.0,0.0,0.0,C:\Users\Admin\data_structure_rag\indexes,True,,True,,True,
2026-06-09T09:24:12.785606,โครงสร้างทรี (Tree),5.1 โครงสร้างทรี (Tree),780,0.0,0.0,0.0,C:\Users\Admin\data_structure_rag\indexes,True,,True,,True,
2026-06-09T09:24:58.964315,ทรีทั่วไป (General Tree) คือ,5.2.1 ทรีทั่วไป (General Tree),556,0.0,0.0,0.0,C:\Users\Admin\data_structure_rag\indexes,True,,True,,True,
2026-06-09T09:25:34.547721,ไบนารีทรี (Binary Tree),5.2.2 ไบนารีทรี (Binary Tree),525,0.0,0.0,0.0,C:\Users\Admin\data_structure_rag\indexes,True,,True,,True,
2026-06-09T09:26:39.526558,ไบนารีทรีแบบสมบูรณ์ (Complete Binary Tree) คือ,5.2.3 ไบนารีทรีแบบสมบูรณ์ (Complete Binary Tree),647,0.0,0.0,0.0,C:\Users\Admin\data_structure_rag\indexes,True,,True,,True,
2026-06-09T09:28:09.927212,การเข้าถึงแบบพรีออร์เดอร์ (Preorder Traversal) ทำอย่างไร,5.3.1 แบบพรีออร์เดอร์ (Preorder Traversal),425,0.0,0.0,0.0,C:\Users\Admin\data_structure_rag\indexes,True,,True,,True,
2026-06-09T09:28:59.224536,การเข้าถึงแบบแบบอินออร์เดอร์ (Inorder Traversal) ทำอย่างไร,5.3.2 แบบอินออร์เดอร์ (Inorder Traversal),786,0.0,0.0,0.0,C:\Users\Admin\data_structure_rag\indexes,True,,True,,True,
2026-06-09T09:30:01.437454,การเข้าถึงแบบโพสต์ออร์เดอร์ (Postorder Traversal) ทำอย่างไร,5.3.3 แบบโพสต์ออร์เดอร์ (Postorder Traversal),581,0.0,0.0,0.0,C:\Users\Admin\data_structure_rag\indexes,True,,True,,True,
2026-06-09T09:30:47.191204,ทรีกับการดำเนินการด้านนิพจน์ (Expression Tree) ทำอย่างไร,5.4 ทรีกับการดำเนินการด้านนิพจน์ (Expression Tree),694,0.0,0.0,0.0,C:\Users\Admin\data_structure_rag\indexes,True,,True,,True,
2026-06-09T09:31:36.572739,การแทนโครงสร้างไบนารีทรีแบบซีเควนเชียล (Sequential Representation) ทำยังไง,5.5 การแทนโครงสร้างไบนารีทรีแบบซีเควนเชียล (Sequential Representation),884,0.0,0.0,0.0,C:\Users\Admin\data_structure_rag\indexes,True,,True,,True,
2026-06-09T09:32:13.604805,การแปลงทรีเป็นไบนารีทรี ทำอย่างไร,5.6 การแปลงทรีเป็นไบนารีทรี,328,0.0,0.0,0.0,C:\Users\Admin\data_structure_rag\indexes,True,,True,,True,
2026-06-09T09:33:45.812962,Browser History Stack กับ Forward Stack ใน Chrome,4.2 การดำเนินการของสแตก,89,0.0,0.0,0.0,C:\Users\Admin\data_structure_rag\indexes,True,,True,,True,
2026-06-09T09:34:14.481058,Recursion Stack Frame ใน Memory มี Stack Pointer อย่างไร,4.2 การดำเนินการของสแตก,89,0.0,0.0,0.0,C:\Users\Admin\data_structure_rag\indexes,True,,True,,True,
2026-06-09T09:34:45.551974,Call Stack Trace ในการ Debug โปรแกรม Crash,4.2 การดำเนินการของสแตก,66,0.0,0.0,0.0,C:\Users\Admin\data_structure_rag\indexes,True,,True,,True,
2026-06-09T09:35:17.907700,Min Stack ที่เก็บค่าต่ำสุดใน O(1) เวลา Push/Pop,4.2.1 การนำข้อมูลเข้า (Push),68,0.0,0.0,0.0,C:\Users\Admin\data_structure_rag\indexes,True,,True,,True,
2026-06-09T09:35:49.470290,Stack Overflow Attack ใน Buffer Overflow อันตรายอย่างไร,4.2 การดำเนินการของสแตก,89,0.0,0.0,0.0,C:\Users\Admin\data_structure_rag\indexes,True,,True,,True,
2026-06-09T09:36:32.449660,Git Push ใน Version Control กับ Stack Push ต่างกันอย่างไร,4.2.1 การนำข้อมูลเข้า (Push),89,0.0,0.0,0.0,C:\Users\Admin\data_structure_rag\indexes,True,,True,,True,
2026-06-09T09:37:40.590256,Stack Segment ใน Process Memory Layout เก็บอะไร,4.2 การดำเนินการของสแตก,66,0.0,0.0,0.0,C:\Users\Admin\data_structure_rag\indexes,True,,True,,True,
2026-06-09T09:38:16.666385,AVL Tree ที่เป็น Self-balancing Binary Search Tree ทำงานอย่างไร,5.2.3 ไบนารีทรีแบบสมบูรณ์ (Complete Binary Tree),89,0.0,0.0,0.0,C:\Users\Admin\data_structure_rag\indexes,True,,True,,True,
2026-06-09T09:39:31.158097,Binary Heap ในการทำ Priority Queue และ Heap Sort,3.2 การดำเนินการของคิว,66,0.0,0.0,0.0,C:\Users\Admin\data_structure_rag\indexes,True,,True,,True,
2026-06-09T09:40:47.351282,Adjacency Matrix กับ Adjacency List ใน Graph Representation,5.5 การแทนโครงสร้างไบนารีทรีแบบซีเควนเชียล (Sequential Representation),66,0.0,0.0,0.0,C:\Users\Admin\data_structure_rag\indexes,True,,True,,True,
2026-06-09T09:41:23.484575,"B-Tree ใน File System (NTFS, ext4) ทำงานอย่างไร",1.2.5 ไฟล์ (File),65,0.0,0.0,0.0,C:\Users\Admin\data_structure_rag\indexes,True,,True,,True,
2026-06-09T09:42:31.827480,Suffix Tree ใน String Matching และ Bioinformatics,5.4 ทรีกับการดำเนินการด้านนิพจน์ (Expression Tree),89,0.0,0.0,0.0,C:\Users\Admin\data_structure_rag\indexes,True,,True,,True,
2026-06-09T09:43:44.540152,Huffman Tree ในการบีบอัดข้อมูล (Data Compression),1: โครงสร้างข้อมูลเบื้องต้น (Introduction to Data Structure),88,0.0,0.0,0.0,C:\Users\Admin\data_structure_rag\indexes,True,,True,,True,
2026-06-09T09:44:51.752058,Neural Network ใน Deep Learning มี Layers อะไรบ้าง,4.3.2 การประยุกต์ใช้งานสแตกในการเปลงรูปนิพจน์ทางคณิตศาสตร์,66,0.0,0.0,0.0,C:\Users\Admin\data_structure_rag\indexes,True,,True,,True,
2026-06-09T09:46:06.410048,Index ใน Relational Database (B+ Tree Index) ทำงานอย่างไร,1.2.6 ฐานข้อมูล (Database),65,0.0,0.0,0.0,C:\Users\Admin\data_structure_rag\indexes,True,,True,,True,
2026-06-09T09:47:19.574822,Greedy Algorithm กับ Dynamic Programming ต่างกันอย่างไร,1.1.2 ความหมายของอัลกอริทึม (Algorithm),88,0.0,0.0,0.0,C:\Users\Admin\data_structure_rag\indexes,True,,True,,True,
2026-06-09T09:48:02.270490,Rust Programming กับ Ownership และ Borrowing,5.4 ทรีกับการดำเนินการด้านนิพจน์ (Expression Tree),66,0.0,0.0,0.0,C:\Users\Admin\data_structure_rag\indexes,True,,True,,True,
2026-06-09T09:48:39.798736,Disjoint Set Union (Union-Find) ใน Graph Algorithm,1.1.2 ความหมายของอัลกอริทึม (Algorithm),65,0.0,0.0,0.0,C:\Users\Admin\data_structure_rag\indexes,True,,True,,True,
2026-06-09T09:49:21.257516,Spatial Data Structure ใน Computer Graphics (Quadtree),1.1.1 ความหมายของโครงสร้างข้อมูล (Data Structure),65,0.0,0.0,0.0,C:\Users\Admin\data_structure_rag\indexes,True,,True,,True,
2026-06-09T09:50:00.977167,Topological Sort ใน Directed Acyclic Graph (DAG),4.3.2 การประยุกต์ใช้งานสแตกในการเปลงรูปนิพจน์ทางคณิตศาสตร์,68,0.0,0.0,0.0,C:\Users\Admin\data_structure_rag\indexes,True,,True,,True,
2026-06-09T09:50:45.461406,Distributed Queue ใน Message Broker เช่น RabbitMQ,1.2.1 บิต (Bit),65,0.0,0.0,0.0,C:\Users\Admin\data_structure_rag\indexes,True,,True,,True,
2026-06-09T09:51:17.653216,Backtracking Algorithm ในการแก้ N-Queens Problem,1.1.2 ความหมายของอัลกอริทึม (Algorithm),65,0.0,0.0,0.0,C:\Users\Admin\data_structure_rag\indexes,True,,True,,True,
2026-06-09T09:51:57.968986,Fenwick Tree (Binary Indexed Tree) ใน Range Query,5.2.3 ไบนารีทรีแบบสมบูรณ์ (Complete Binary Tree),66,0.0,0.0,0.0,C:\Users\Admin\data_structure_rag\indexes,True,,True,,True,
2026-06-09T09:54:03.099377,Kadane Algorithm ในการหา Maximum Subarray Sum,1.1.2 ความหมายของอัลกอริทึม (Algorithm),65,0.0,0.0,0.0,C:\Users\Admin\data_structure_rag\indexes,True,,True,,True,
2026-06-09T09:55:30.702773,Kotlin Coroutines กับ Channel ใน Asynchronous Programming,5.4 ทรีกับการดำเนินการด้านนิพจน์ (Expression Tree),89,0.0,0.0,0.0,C:\Users\Admin\data_structure_rag\indexes,True,,True,,True,
2026-06-09T09:56:07.499968,Explicit Stack ในการแปลง Recursive เป็น Iterative,4.2 การดำเนินการของสแตก,66,0.0,0.0,0.0,C:\Users\Admin\data_structure_rag\indexes,True,,True,,True,
2026-06-09T09:56:51.663043,Genealogy Tree ในการศึกษาพันธุกรรมครอบครัว,5.4 ทรีกับการดำเนินการด้านนิพจน์ (Expression Tree),89,0.0,0.0,0.0,C:\Users\Admin\data_structure_rag\indexes,True,,True,,True,
2026-06-09T09:57:28.515703,Hash Function ใน Cryptography (SHA-256) ต่างจาก Hash Table,4.3.2 การประยุกต์ใช้งานสแตกในการเปลงรูปนิพจน์ทางคณิตศาสตร์,89,0.0,0.0,0.0,C:\Users\Admin\data_structure_rag\indexes,True,,True,,True,
2026-06-09T09:58:04.963068,Array Formula ใน Excel/Spreadsheet ทำงานอย่างไร,2: อาร์เรย์และลิงค์ลิสต์ (Array and Linked list),89,0.0,0.0,0.0,C:\Users\Admin\data_structure_rag\indexes,True,,True,,True,
2026-06-09T09:58:38.940552,Event-driven Architecture กับ Event Queue ในระบบ Real-time,3.2 การดำเนินการของคิว,66,0.0,0.0,0.0,C:\Users\Admin\data_structure_rag\indexes,True,,True,,True,
2026-06-09T09:59:38.543645,Undo/Redo Stack ในการ Implement ฟีเจอร์ Undo ของแอพ,4.2 การดำเนินการของสแตก,66,0.0,0.0,0.0,C:\Users\Admin\data_structure_rag\indexes,True,,True,,True,
2026-06-09T10:00:26.611987,Cartesian Tree ในการแก้ Range Minimum Query,5.4 ทรีกับการดำเนินการด้านนิพจน์ (Expression Tree),66,0.0,0.0,0.0,C:\Users\Admin\data_structure_rag\indexes,True,,True,,True,
2026-06-09T10:01:33.635806,Bitwise Operations ในการ Optimize โปรแกรม (Bitmask DP),1.2.1 บิต (Bit),65,0.0,0.0,0.0,C:\Users\Admin\data_structure_rag\indexes,True,,True,,True,
2026-06-10T11:37:42.097269,ความหมายของโครงสร้างข้อมูล,1.1.1 ความหมายของโครงสร้างข้อมูล (Data Structure),0,0.0,0.0,0.0,C:\Users\Admin\data_structure_rag\indexes,True,,True,,True,
2026-06-10T15:37:42.207001,ความหมายของโครงสร้างข้อมูล (Data Structure),1.1.1 ความหมายของโครงสร้างข้อมูล (Data Structure),0,0.0,0.0,0.0,C:\Users\Admin\data_structure_rag\indexes,True,,True,,True,
